interval,hitsperOccupL3(KB)
0,1408.65625
1,2407.7551020408164
2,1237.638888888889
3,1199.3352272727273
4,1167.0733173076924
5,967.3313492063492
6,1146.282327586207
7,1904.8660714285713
8,1752.7083333333333
9,1399.7
10,1436.7834051724137
11,2040.2403846153845
12,1442.4174528301887
13,1714.0271226415093
14,1725.0625
15,2910.140625
16,4102.911931818182
17,1890.983455882353
18,822.7951388888889
19,1595.6328125
20,1257.5405092592594
21,1623.014705882353
22,1603.236111111111
23,1260.76875
24,1766.576388888889
25,2001.108630952381
26,1570.4625
27,1533.69140625
28,1639.1826923076924
29,2394.4579081632655
30,2111.484375
31,1900.392857142857
32,1366.6527777777778
33,1640.8359375
34,1596.3404605263158
35,1617.03125
36,1374.8814655172414
37,1155.2760416666667
38,2590.341796875
39,1431.1083984375
40,1622.7455357142858
41,2340.9375
42,1628.5625
43,4512.46875
44,1598.4464285714287
45,1338.616898148148
46,1374.7488839285713
47,951.802536231884
48,1007.9791666666666
49,1138.8206845238096
50,1268.619087837838
51,1117.740036231884
52,1359.070945945946
53,1188.404017857143
54,1303.0447635135135
55,1595.1686507936508
56,1093.9442567567567
57,1641.3064759036145
58,1153.8421474358975
59,883.37890625
60,984.609375
61,741.1314655172414
62,3302.120535714286
63,909.1977163461538
64,1050.3001644736842
65,1761.779336734694
66,2455.4761904761904
67,1296.4169520547946
68,1331.46875
69,1535.7339015151515
70,5042.581018518518
71,1314.7778614457832
72,963.3433219178082
73,987.7425986842105
74,2035.4044117647059
75,803.8291139240506
76,1866.00625
77,2759.7886029411766
78,165.13784796573876
79,1569.7560975609756
80,1675.545634920635
81,1918.4016393442623
82,1490.95703125
83,1244.7622282608695
84,1958.6580882352941
85,1213.5191761363637
86,1124.6771978021977
87,3009.077034883721
88,1549.74609375
89,1256.9027777777778
90,1274.7331460674156
91,1247.0251623376623
92,1480.1126453488373
93,2623.7560096153848
94,1252.2146739130435
95,1483.146404109589
96,2351.0901162790697
97,2994.9198717948716
98,1666.3953488372092
99,1138.7632978723404
100,1361.242816091954
101,1450.6635802469136
102,1501.2734375
103,2307.0413306451615
104,1585.3330592105262
105,1915.6787109375
106,1188.7088178294573
107,1198.4521484375
108,766.7626953125
109,644.1903409090909
110,723.3925898203593
111,1748.8468992248063
112,474.0415592783505
113,1287.4468085106382
114,1159.21875
