app,IPC:mean,IPC:std,hitsL3:mean,hitsL3:std,progress:mean,progress:std,slowdown:mean,slowdown:std
00_xalancbmk_base,0.7851056666666668,0.007709168070118434,308560000.0,18215490.19378836,0.338756105418793,0.004106849300749905,2.951976315714614,0.03578775902218849
01_mcf_base,0.56465,0.003977709265393814,1270960000.0,20297517.08953585,0.5326903543721835,0.015035936097807689,1.8772632013931936,0.05298839992734792
02_bzip2_base,1.26203,0.00495470483480094,641651333.3333334,5983694.873013957,0.710183938144562,0.005849783678046462,1.4080859144922597,0.0115984008613375
03_calculix_base,2.1670266666666667,0.007568370586416178,57782100.0,2022845.2758429155,0.7915240638130266,0.010416090339839862,1.2633854682606585,0.0166255680314382
04_gobmk_base,1.264236666666667,0.0014560334245247546,119060666.66666669,869968.0070745902,0.7447477815894014,0.010305909040580733,1.3427364602091905,0.018580948028948385
05_milc_base,1.0389700000000002,0.0032395524382234503,45831533.33333334,65654.72818718727,0.695471827780406,0.011600923794565692,1.437872765014068,0.023984655750105454
06_ft.C,2.7687666666666666,0.0065318016912131295,893776000.0,11905183.450917505,0.7947836670487664,0.0035422268085215066,1.258204013820835,0.0056076189951096
07_mg.C,2.7820633333333333,0.0033334716637962447,115561666.66666669,1004000.6640104064,0.7557024993933511,0.006571681387843835,1.3232720558722004,0.011507335687800557
