app,IPC:mean,IPC:std,hitsL3:mean,hitsL3:std,progress:mean,progress:std,slowdown:mean,slowdown:std
00_sphinx3_base,1.66504,0.008759834473322025,337523000.0,4346161.179707903,0.6768693748018224,0.011813600205780244,1.4773899325741922,0.02578532086281228
01_bwaves_base,2.07707,0.029878890541651645,243440333.3333333,66930385.7551511,0.7944010066408207,0.018294466717381025,1.258810086644488,0.028989463811232963
02_bzip2_base,1.35194,0.0023729306774535907,398070000.0,2786606.7178559657,0.76077912041327,0.005668471075309917,1.3144419624145054,0.009793744392029013
03_gobmk_base,1.3045766666666667,0.0019919923025285826,71661133.33333333,1415630.5461995846,0.768511627632982,0.010662628135638879,1.3012164865741886,0.01805358178253759
04_povray_base,2.1943433333333333,0.01711069353747355,2653700.0,579450.0464233307,0.796776356559123,0.008332511475988832,1.2550573216284904,0.013125112773997336
05_zeusmp_base,1.5461833333333337,0.0028816025633895087,49037366.66666666,2663049.068893273,0.7824365674033543,0.006535322850825751,1.2780588761574194,0.01067502175386755
06_bt.C,2.887456666666667,0.01888676079515289,178376666.66666666,10897195.342533477,0.801811449993058,0.01820907184601603,1.2471760037957278,0.028323264101479454
07_cg.C,1.7949133333333336,0.006593855725850694,5406480000.0,11666160.465208765,0.9196650447216195,0.021783359280376585,1.0873524069871523,0.025755233692668137
