app,IPC:mean,IPC:std,hitsL3:mean,hitsL3:std,progress:mean,progress:std,slowdown:mean,slowdown:std
00_soplex_base,0.5578926666666667,0.003912510234278399,685877000.0,13574384.44276572,0.32111517858513305,0.0057086335183556755,3.114147404697916,0.05536183725069769
01_omnetpp_base,0.442856,0.006833604539333466,850580333.3333334,47667357.21993967,0.286556579356041,0.005345290070849593,3.4897122315154356,0.0650954313565601
02_mcf_base,0.2664093333333333,0.003204351000332706,776516666.6666666,22092412.189105395,0.25133035009544047,0.007505379672504803,3.9788270681207374,0.11881815222930778
03_lbm_base,1.3612166666666663,0.012791783821396186,62693933.33333334,8212829.001223228,0.5741317691916195,0.008422892613239657,1.7417604349050486,0.025552777059961673
04_lu.B,1.616086666666667,0.06536844906629924,295276333.3333333,65781614.57682027,0.5313516848797565,0.02319148655544239,1.8819927149121536,0.08214184689223815
05_lu.C,1.65556,0.02086988500207886,218008666.66666663,5910179.72089964,0.569083278048378,0.007791413345082244,1.7572120611756747,0.024058281154449485
06_calculix_base,2.09245,0.013526984142816173,24944333.33333333,837871.1496007809,0.7642843315228705,0.010883141425619707,1.3084135821644487,0.018631351541021718
07_milc_base,0.6149646666666666,0.006465957108838087,28677166.66666667,126610.12334459455,0.41164865274939083,0.008014722590918668,2.429256098182335,0.04729716373220344
