app,IPC:mean,IPC:std,hitsL3:mean,hitsL3:std,progress:mean,progress:std,slowdown:mean,slowdown:std
00_xalancbmk_base,0.7972396666666667,0.0021329407711732974,401399666.6666667,5251574.652743062,0.3439916638380863,0.002613308651068304,2.907047190744397,0.022084871150284575
01_mcf_base,0.5623076666666668,0.009137872637180569,1261710000.0,54037776.60118891,0.5304805989955944,0.01686885323707052,1.8850830772951697,0.05994411450821327
02_lu.C,2.08025,0.016126372809779455,270455333.3333333,14002556.77843634,0.7150664966296228,0.006732035610283804,1.3984713375796178,0.01316599070005596
03_astar_base,0.6787833333333334,0.003095737284288397,114312333.33333331,7659360.112524632,0.7515665402214601,0.01006669256814107,1.3305541778181549,0.01782181501774181
04_h264ref_base,1.9830666666666668,0.01920472424517823,68992333.33333333,4513669.200698402,0.7510544581391797,0.008283047294097425,1.3314613729577085,0.014684098340614418
05_leslie3d_base,2.358883333333333,0.008631062120813398,227225000.0,17022506.072843682,0.7527013817757908,0.007978890466822755,1.3285481124543395,0.014083061524569972
06_povray_base,2.151183333333333,0.006850360087859396,8655320.0,5375089.673103138,0.7811047581238622,0.005984649020945529,1.2802380085379368,0.009808895752698598
07_cg.C,1.3636166666666665,0.008607998218711138,10846433333.333334,6610849.668032844,0.6986802980644258,0.01693329402250566,1.4312697850080056,0.03468841494773937
