app,IPC:mean,IPC:std,hitsL3:mean,hitsL3:std,progress:mean,progress:std,slowdown:mean,slowdown:std
00_xalancbmk_base,0.6939713333333334,0.002072323414270415,302217333.3333333,6122376.689924694,0.29943361273954244,0.0023092147201882354,3.339638428868819,0.025755098599295527
01_omnetpp_base,0.674713,0.001523162171273967,1016686666.6666666,5715263.190206855,0.43658310901749664,0.004680649566984592,2.2905146336294098,0.024556828027993423
02_mcf_base,0.4393036666666667,0.007791213534060875,1013606666.6666666,10339605.085946644,0.41443872465007753,0.013503630925179188,2.412901933438601,0.0786194320893079
03_lbm_base,1.79633,0.006383549169545114,18957733.33333333,3711602.9641292915,0.757653168821017,0.008950165948876064,1.3198651324274122,0.015591582602027301
04_dc.B,0.9982376666666668,0.019056184464192612,453439666.6666667,360563.91019254335,0.5625659599008888,0.01471175678802888,1.777569336360446,0.046485513903116386
05_lu.C,2.0246,0.010358074145322218,128316333.33333331,3402071.329842061,0.6959373292038622,0.005147722712072852,1.4369109947643979,0.010628571068946241
06_astar_base,0.6757459999999998,0.0013306720106773643,52778966.66666666,1500711.169190571,0.7482035258504047,0.009537300770739065,1.3365347334649413,0.017036719693490632
07_gamess_base,2.578383333333333,0.006065231515229475,49498333.33333334,307154.62447004404,0.75863885077515,0.015787653081055623,1.3181502621151497,0.02743136477351918
