app,IPC:mean,IPC:std,hitsL3:mean,hitsL3:std,progress:mean,progress:std,slowdown:mean,slowdown:std
00_xalancbmk_base,0.39128566666666653,0.003837007210487517,143220333.33333334,5449169.233317435,0.16883129771431526,0.0020450023104597505,5.923072401493539,0.07174437980433548
01_sphinx3_base,0.9001530000000001,0.007458583712743291,528501000.0,14182319.94421223,0.3659287454571571,0.006802685517457507,2.7327724657178645,0.050802763941981965
02_omnetpp_base,0.43249766666666667,0.007671581345024839,1515753333.3333333,31599090.70421701,0.27985406529316353,0.005765789460821701,3.573290954170851,0.07361995367987642
03_libquantum_base,1.5347599999999997,0.009078926147953824,462133333.3333333,46724171.11445995,0.46627886722595113,0.00620088374884744,2.144639335574727,0.028520827637380317
04_lbm_base,1.2477666666666667,0.009016608749043802,255575000.0,26306795.490899306,0.5262810112558591,0.007043847658979089,1.9001255576630247,0.025431650914351747
05_dc.B,0.7083149999999999,0.0019485941085818706,891171333.3333334,15738870.427490465,0.39917739151016934,0.0072187148173948005,2.5051518980491267,0.04530310962215714
06_lu.B,1.6035066666666669,0.0071689910959166795,810164333.3333334,15571071.425349414,0.5272155179688726,0.008960961650809224,1.896757523095216,0.03223875406934367
07_lu.C,1.6044366666666663,0.005956260012233667,764344666.6666666,8206612.049642235,0.5515101099855513,0.0035877860783569216,1.8132033881050675,0.011795587705986741
