app,IPC:mean,IPC:std,hitsL3:mean,hitsL3:std,progress:mean,progress:std,slowdown:mean,slowdown:std
00_libquantum_base,2.28333,0.004271720964669957,111803333.33333331,780797.2421399362,0.6937035926809606,0.008363683264647611,1.4415378708582058,0.017379996720584132
01_hmmer_base,1.5883200000000002,0.0037055498917164813,3364436.666666666,111112.91569090133,0.8011028917283121,0.005233447924532979,1.2482791041267922,0.008154762333507839
02_milc_base,0.9287903333333332,0.014348904290339753,27260700.0,67769.97860409874,0.6217191167676696,0.014001720794542536,1.6084433838853478,0.03622371351886178
03_sjeng_base,1.5852000000000002,0.009359316214339572,3275430.0,597132.307282063,0.718877875715575,0.005724105552206557,1.3910568592816888,0.011076368546915365
04_ep.B,1.35738,0.0005038849074937809,3961120.0,147785.15656181442,0.7834880566431616,0.005398467841810081,1.276343642409151,0.00879439073795955
05_ep.C,1.3580866666666669,0.003632249073691561,3973783.333333334,360013.1678610289,0.7938344393828985,0.004103515616656966,1.2597085114842939,0.006511727499917864
06_ft.B,3.0835666666666666,0.017203291351753906,322480333.3333333,33116420.11651219,0.7897731686972973,0.010435599184162505,1.2661863426551503,0.016730643288635452
07_mg.C,2.6944933333333334,0.005822407863876764,74455933.33333333,1634236.9483441894,0.7319155255027942,0.006499481965267394,1.3662778902156003,0.012132682253050498
