app,IPC:mean,IPC:std,hitsL3:mean,hitsL3:std,progress:mean,progress:std,slowdown:mean,slowdown:std
00_sphinx3_base,1.7464066666666664,0.014375188114711166,356698333.3333333,15214072.444067482,0.7099464208766162,0.013180804753510541,1.4085569989425908,0.026151149215357015
01_omnetpp_base,0.935509,0.01043957762555552,1152070000.0,4915617.967254982,0.6053350502122373,0.009267251580607531,1.6519776934267867,0.025290610357305697
02_calculix_base,2.1821366666666666,0.010227973080397341,29805433.33333333,2674017.2256986927,0.7970431138497351,0.010780579500978769,1.254637274475629,0.01696986856463302
03_gobmk_base,1.3141900000000002,0.0010250365847128443,66079033.33333334,2067961.6977432948,0.7741747355481768,0.010693017581129064,1.291698054822108,0.01784112730047038
04_gromacs_base,1.8639966666666667,0.010982004977841393,173029666.66666666,5435647.646171826,0.7942693759747288,0.02335930794211819,1.2590187035384541,0.037027495318889
05_h264ref_base,2.0768466666666665,0.006322138351328006,34323700.0,1759140.6794227685,0.7865721178670214,0.004791566976173467,1.2713392418634661,0.007744626320273746
06_leslie3d_base,2.52586,0.007053254567928212,85098000.0,3601799.6390693365,0.8059823414350855,0.00832844617167154,1.2407219719224343,0.012820735177357993
07_ep.B,1.3830833333333334,0.0010726291686007428,2504770.0,118012.87895818829,0.7983241782027726,0.005527487672496594,1.2526239681870217,0.00867299742570102
