app,IPC:mean,IPC:std,hitsL3:mean,hitsL3:std,progress:mean,progress:std,slowdown:mean,slowdown:std
00_xalancbmk_base,0.5491336666666666,0.002033960258543228,182766666.66666663,12476912.492012335,0.23693929387128138,0.0018995968743961496,4.220490335989841,0.03383664279433898
01_sphinx3_base,1.1364133333333333,0.0230612279233637,266449000.0,15274114.802501647,0.46197291503494703,0.012123990869564559,2.164629066888808,0.05680840194055245
02_soplex_base,0.6851689999999999,0.004515199109673903,720559666.6666666,11268598.330463896,0.3943736473730257,0.0069468546085687,2.5356663830383455,0.04466552422084447
03_dc.B,0.8625870000000001,0.02050625621609177,437168333.3333333,6408847.1922283685,0.4861187869953093,0.014458387583155216,2.0571103745670487,0.06118360345761948
04_lu.C,1.8700633333333332,0.02926998690353885,169940333.33333334,19600879.937730685,0.6428167942517395,0.010631174962524576,1.5556531953463253,0.025728047942475567
05_sp.C,2.205076666666667,0.02263387137308441,121171400.0,39747636.95466688,0.6787496665367015,0.010800367880085017,1.4732972247374616,0.023443329416372494
06_bwaves_base,1.9946933333333332,0.005673599680390946,191394666.66666663,18192681.64216956,0.762895035766601,0.013890254316113335,1.3107963128835176,0.02386605402967393
07_bzip2_base,1.0804033333333332,0.012890230150518331,264107666.66666663,2739564.9897991726,0.6079769055023877,0.008485192963589832,1.644799318772928,0.02295554235672293
