app,IPC:mean,IPC:std,hitsL3:mean,hitsL3:std,progress:mean,progress:std,slowdown:mean,slowdown:std
00_sphinx3_base,1.4102733333333335,0.005025856477590018,329633333.3333333,7235578.783575869,0.5733020404512897,0.009756907924833733,1.7442812504431762,0.02968555901561266
01_omnetpp_base,0.696183,0.0013163270870114395,996481333.3333334,9723940.679237666,0.4504755927114608,0.004797526056136564,2.2198760957966512,0.023641488203336773
02_mcf_base,0.45279300000000006,0.006432654895142437,1007422666.6666666,30305410.51253611,0.4271645508319209,0.01315869467924923,2.341018228344225,0.07211446747007699
03_lbm_base,1.8002866666666666,0.022330258246006183,41246166.66666666,10162298.727322148,0.7593220053031601,0.012723370897602004,1.3169643353095621,0.02206735163742227
04_dc.B,1.0405733333333334,0.007547147363960257,492578000.0,3791888.1840054304,0.5864246117547165,0.011311555545379312,1.7052490293812388,0.03289258112280262
05_dealII_base,2.239913333333333,0.009967157735951249,48767833.33333334,1737573.0325178655,0.7539908642393655,0.011465639858864729,1.3262760166315959,0.02016815306573795
06_leslie3d_base,2.318833333333333,0.001363903711165935,215729666.66666663,8108849.014091535,0.7399217373083717,0.0073742091046781295,1.3514942859196437,0.013469264336527478
07_namd_base,2.2731133333333333,0.0008460693430996778,12342233.333333336,1187718.7054742104,0.7931586354490154,0.0024217631118841057,1.260781835192262,0.003849564014232351
