app,IPC:mean,IPC:std,hitsL3:mean,hitsL3:std,progress:mean,progress:std,slowdown:mean,slowdown:std
00_soplex_base,0.8139706666666666,0.0015241001716860437,801746000.0,1881560.7882818987,0.4685100765913033,0.007703594040791497,2.1344258105943212,0.035095829901113366
01_libquantum_base,2.1890466666666666,0.02833736108626443,164338666.66666666,29201297.57961679,0.6650591623694113,0.011698910669311167,1.503625626985263,0.02644995044879432
02_lu.B,2.01023,0.02264030918516806,162425333.33333334,22458934.999980148,0.6609417177477069,0.013148371212444764,1.5129927089603346,0.030098553692334093
03_sp.C,2.266013333333333,0.010725550490922749,287562666.6666667,14245708.41809326,0.6975067205680162,0.009100827669022666,1.4336779424657695,0.018706136446448245
04_calculix_base,2.1504233333333334,0.0026343943010366717,24454066.66666667,1176411.0265265848,0.7854595616659178,0.010011961107581534,1.2731400173919245,0.016228242624736412
05_gobmk_base,1.2202033333333333,0.0015444848116226366,53497233.33333334,995550.3519829287,0.7188082338918551,0.009954112749549956,1.3911916319957602,0.01926533073520643
06_perlbench_base,2.1320466666666666,0.003977365124467837,57274200.0,1094694.2632534436,0.6598121701527149,0.004417534170069143,1.5155828358979009,0.01014703769953147
07_bt.B,2.7611000000000003,0.010441738361020159,38088833.333333336,13404342.73223918,0.7818579284488569,0.012514798697424112,1.2790047444858932,0.020472372700813937
