app,IPC:mean,IPC:std,hitsL3:mean,hitsL3:std,progress:mean,progress:std,slowdown:mean,slowdown:std
00_xalancbmk_base,0.7476293333333333,0.002811039902479761,291201000.0,9268375.100307496,0.3225858785762365,0.0025946397459790187,3.099949707698289,0.024933678924910427
01_omnetpp_base,0.7844199999999999,0.005988458649769508,1821980000.0,11323060.540330958,0.5075706594885598,0.006581361570943828,1.9701690420947964,0.025545989665697284
02_libquantum_base,2.335033333333333,0.008683791414660663,294377333.3333333,20674224.49170304,0.7094116979863324,0.008851772883302755,1.4096187063710728,0.017588693104821293
03_sp.C,2.4470400000000003,0.008226584953673184,371368666.6666667,21224080.671099354,0.7532289507705568,0.009502034782424585,1.3276175842378273,0.016747986718090243
04_astar_base,0.677814,0.0066924624018368534,117617666.66666669,4021448.2880342174,0.7504932691732786,0.012010109187084202,1.3324569867249718,0.021323247729174842
05_gobmk_base,1.2494333333333332,0.004072546296033154,117724333.33333331,2955117.8205501926,0.7360273023066758,0.010429575993304158,1.3586452525144732,0.019252130817203644
06_gromacs_base,1.82023,0.0022732355795209787,519043333.3333333,11562172.647618318,0.775619920402476,0.02236940667063472,1.289291280039702,0.037184038472278545
07_milc_base,1.0084933333333332,0.0027258087484879285,46348666.66666666,325591.2365733032,0.6750711780298636,0.011211617150143564,1.4813252773113688,0.02460192706273502
