app,IPC:mean,IPC:std,hitsL3:mean,hitsL3:std,progress:mean,progress:std,slowdown:mean,slowdown:std
00_xalancbmk_base,0.961866,0.014471502928168897,498886000.0,29882285.06992061,0.41502436414472366,0.006906334244907873,2.4094970955760293,0.040095940725012366
01_bwaves_base,2.1321733333333337,0.0156378813569269,165403333.33333334,36974868.94274722,0.815475955231511,0.015838012666394136,1.2262777260135196,0.023816523384316505
02_calculix_base,2.168906666666667,0.0025071564237863554,25678766.66666667,2512339.6671893983,0.792210749059156,0.010092901605002943,1.2622903705707331,0.016081797075138876
03_dealII_base,2.30498,0.010967716261829272,39035300.0,3258994.6563319187,0.77589335104682,0.011870945730575965,1.2888369241092474,0.019718835276808674
04_gromacs_base,1.8429,0.01421583623991211,168802666.66666666,3979170.9354252806,0.7852798554631684,0.023423576882375226,1.273431367229186,0.03798431518038611
05_leslie3d_base,2.4435333333333333,0.03746694053873816,121886533.33333331,41016865.70001825,0.7797125404316467,0.014251540513730078,1.2825239407415492,0.02344189807590926
06_sjeng_base,1.6895366666666665,0.005855265436624881,3461590.0,669122.514417203,0.7661938745123055,0.004879235385168256,1.305152694723011,0.008311404493012483
07_cg.B,1.0673333333333332,0.00120951781025881,6088060000.0,7404478.374605467,0.7603280666011293,0.040704953083219926,1.315221736414741,0.07041176227271677
