app,IPC:mean,IPC:std,hitsL3:mean,hitsL3:std,progress:mean,progress:std,slowdown:mean,slowdown:std
00_libquantum_base,2.4526866666666667,0.0028699535420165442,101502900.0,2812378.0346887936,0.7451562202517186,0.0089179349069081,1.3420004729507506,0.016060891042111752
01_dc.B,1.1754066666666667,0.035109123220800384,468550333.3333333,1978714.8185964809,0.6624111689907218,0.023057856806936845,1.5096363811673692,0.05254890185583071
02_lu.C,2.1424366666666668,0.017224544502927572,129544333.33333331,6391485.690614767,0.736442582133965,0.007108678314015307,1.3578791127236745,0.01310723474694083
03_astar_base,0.69238,0.003239142016028264,69749366.66666667,3959696.0518874857,0.7666211227714309,0.010299372661311944,1.3044253155781507,0.017524644227673337
04_gamess_base,2.6131433333333334,0.011288810093775942,59247333.33333334,3644764.7967095682,0.7688663007093897,0.016241213220722955,1.30061624378303,0.027473678732084412
05_hmmer_base,1.5985399999999998,0.0012915494570476765,2835420.0,309244.66575836035,0.8062575655682581,0.004962738282057425,1.2402984389922473,0.007634379889538888
06_povray_base,2.172546666666667,0.011239921411350431,2934156.666666666,704092.9315320054,0.7888618846585848,0.006846680557229747,1.2676490263346856,0.011002164144048128
07_bt.B,2.8415033333333333,0.01134867539994573,66122966.66666666,14741766.662898084,0.8046256600197463,0.012920628520976274,1.2428139564620138,0.019957028777501804
