app,IPC:mean,IPC:std,hitsL3:mean,hitsL3:std,progress:mean,progress:std,slowdown:mean,slowdown:std
00_soplex_base,0.7420760000000001,0.005239373340391037,764589666.6666666,3544362.47205802,0.42712851683013314,0.007601299778043973,2.341215724534953,0.04166493658473777
01_dc.B,1.002171,0.009443064809689742,469116333.3333333,4893940.164461903,0.564782625847452,0.011411511202429364,1.7705927098934882,0.035775071008198336
02_lu.B,1.9241866666666667,0.00673903801245635,302151666.6666667,2345641.3479757085,0.6326516073951245,0.010608342367147592,1.5806487936028382,0.026504419444689994
03_lu.C,1.8720266666666667,0.007617488650029941,285662666.6666667,16204003.959927104,0.6434916717368413,0.00432127772392798,1.554021666358029,0.010435813708682568
04_bwaves_base,1.97845,0.05039761006238287,388857000.0,145276478.13737777,0.75668257284951,0.023594707352180604,1.3215581220989494,0.04120853084061121
05_gamess_base,2.5206733333333333,0.02220793852056831,83431066.66666667,2185455.836509476,0.7416588123486553,0.016669433274377955,1.348328885668115,0.030304876066105546
06_gromacs_base,1.7828166666666665,0.004281452245831163,293517333.3333333,5902428.850340618,0.7596776896832859,0.021964966678407756,1.3163477269115353,0.038060264703658586
07_cg.C,1.3692266666666668,0.006843656430106148,6541610000.0,64871371.1894546,0.7015547103299512,0.016786400119738757,1.4254055817395705,0.0341062900379302
