app,IPC:mean,IPC:std,hitsL3:mean,hitsL3:std,progress:mean,progress:std,slowdown:mean,slowdown:std
00_lu.C,2.0394666666666668,0.011255489031282907,152715666.66666666,3380804.095675067,0.7010476069348531,0.005384664232656868,1.4264366501046024,0.010956292174723735
01_bzip2_base,1.2404833333333334,0.01674764560567639,403133000.0,10198002.157285513,0.6980589517439048,0.010694418217252148,1.4325437665426108,0.021946888748652277
02_dealII_base,2.225023333333333,0.007158668405040976,49646533.33333334,9096819.187129823,0.7489786506856309,0.011154286476035169,1.335151541481962,0.01988396167097246
03_gromacs_base,1.7904066666666665,0.013713881045617115,318683333.3333333,6896771.007749448,0.7629118717349248,0.022745720338042567,1.310767386180421,0.03907967551545187
04_leslie3d_base,2.27278,0.04055749375886048,211394666.66666663,83559803.52019344,0.7252264757218664,0.01481698333707985,1.3788796099930483,0.02817166345832863
05_milc_base,0.9358003333333332,0.008037699442833963,27969666.66666667,644933.2549445201,0.6264115116517766,0.011589373485976558,1.5963946725102685,0.0295352396094368
06_ep.B,1.36249,0.0030114448359550143,3519096.666666666,39831.09003446097,0.7864375799670992,0.005683264047119567,1.2715567331381026,0.009189022561229734
07_ft.B,3.107243333333333,0.0013673819266516807,291247333.3333333,9556650.528994624,0.7958373139157747,0.009538847674101824,1.2565382176913513,0.01506077491676106
