app,IPC:mean,IPC:std,hitsL3:mean,hitsL3:std,progress:mean,progress:std,slowdown:mean,slowdown:std
00_dc.B,1.4385666666666663,0.009726522160224273,487025666.6666667,5602334.721643584,0.8107173919985871,0.015492482744535515,1.2334754501007952,0.02357121891684797
01_sp.C,2.665106666666667,0.009828938565955788,133577333.33333331,20292419.2084959,0.8203525476596009,0.010423298908023598,1.218988108043205,0.015488313471701072
02_astar_base,0.7112523333333334,0.0006415678711822651,69379033.33333333,1285249.6268559406,0.7875170605069471,0.009943327201503855,1.2698137604235158,0.016032889111932656
03_perlbench_base,2.359843333333333,0.0210897471140204,69973600.0,146372.77752369118,0.7303092260271428,0.008040482362043593,1.3692829891249845,0.015075389068543108
04_sjeng_base,1.7336133333333332,0.002642126668676833,6326666.666666668,472696.4375086122,0.7861823557777338,0.004367781667155621,1.2719695279993233,0.007066662263209979
05_tonto_base,2.4445,0.006392800638217821,19507333.33333333,540040.4274990279,0.7960189824503513,0.006756210311728528,1.2562514488307084,0.010662432906546058
06_wrf_base,2.5601700000000003,0.006700000000000096,90163333.33333331,1627862.8699412432,0.8305651469126766,0.010900072658623798,1.2039994739932631,0.01580090592081056
07_bt.C,2.96829,0.0016408229642469216,135660666.66666666,1506089.4174428503,0.8242578793909382,0.017931382302187156,1.2132125454947684,0.02639292691160107
