app,IPC:mean,IPC:std,hitsL3:mean,hitsL3:std,progress:mean,progress:std,slowdown:mean,slowdown:std
00_xalancbmk_base,0.51584,0.0009341075955156006,159356666.66666666,13734632.624622088,0.22257379718215867,0.0016330903958963342,4.492891852770885,0.032965688807276954
01_sphinx3_base,1.125473333333333,0.04044754174648112,248167000.0,8764555.721769359,0.45752560388306357,0.01811995929418335,2.1856700292025284,0.08656182653722824
02_soplex_base,0.652496,0.0067977388152236935,704330000.0,9063336.637243483,0.37556752774324265,0.007276652617029057,2.662637012334175,0.05158881733046344
03_omnetpp_base,0.5184823333333334,0.0075686090091464904,888253000.0,40184270.91537185,0.33549172619663875,0.00602892893955354,2.9806994388108365,0.053564436030904695
04_libquantum_base,1.90016,0.05568807682080592,200889000.0,96510364.27244486,0.5772918582371599,0.018262541384686484,1.732226058156506,0.05479871164529654
05_lbm_base,1.5742033333333332,0.00756621657985905,39276066.66666666,7049686.774838534,0.6639649417805233,0.008132418988424813,1.5061036164324388,0.01844715718869863
06_sp.C,2.16105,0.027708440952172068,99121333.33333331,22875183.60348903,0.6651977180849973,0.01175416146917935,1.5033124329993905,0.026563796891801498
07_astar_base,0.656803,0.0020622320431997253,50117700.0,5609738.222056355,0.7272293441457641,0.009439004772373078,1.3750820261174204,0.017847747634789076
