app,IPC:mean,IPC:std,hitsL3:mean,hitsL3:std,progress:mean,progress:std,slowdown:mean,slowdown:std
00_xalancbmk_base,0.36614266666666667,0.0010589529419824646,132419333.33333331,6794776.400539855,0.15798263731079676,0.0012126803708610075,6.329809509590068,0.04858784404559769
01_sphinx3_base,0.8528610000000001,0.00788523778969293,545404333.3333334,16012589.30758338,0.3467036779073518,0.006600318976939355,2.8843074467390735,0.05490956799462242
02_mcf_base,0.2559043333333333,0.0008646723849720894,755240000.0,22672542.31443841,0.24141994157214325,0.006649010685178722,4.142159895690187,0.11408032504196723
03_lbm_base,1.1731266666666669,0.012179147479743059,312791333.3333333,10541983.178384095,0.49479947249583145,0.007580292001889852,2.021020747972654,0.030961891156097827
04_dc.B,0.6572303333333332,0.002131997732956868,875781666.6666666,11162180.984616473,0.37038816074960873,0.006728282610141654,2.6998703143646754,0.049044468508424685
05_lu.B,1.5491166666666665,0.014522962278176375,912668666.6666666,65306079.47452773,0.5093326786776978,0.0096207610386545,1.9633533088749504,0.03708568841130713
06_lu.C,1.5366133333333334,0.013108689230176128,846176000.0,23558380.610729594,0.5281964729917239,0.005316568684848686,1.893234906200649,0.019056381346807143
07_sp.C,1.734373333333333,0.014209582447536328,346372666.6666667,637972.8311874608,0.5338614023927274,0.007827250235468451,1.873145343563093,0.027463265307734824
