app,IPC:mean,IPC:std,hitsL3:mean,hitsL3:std,progress:mean,progress:std,slowdown:mean,slowdown:std
00_soplex_base,0.5192353333333334,0.006794506408366529,914173333.3333334,45477540.15262185,0.3010536935321153,0.004479099391577414,3.321666604609598,0.049420004429019664
01_mcf_base,0.29555366666666666,0.02117828879615476,1395340000.0,78510768.68812329,0.27451739842533335,0.020013502155484964,3.6427563634805185,0.26557264767410854
02_libquantum_base,1.32239,0.025397324662255274,199644666.66666663,54908812.92045325,0.4079230542225476,0.008885975601841381,2.451442716092328,0.05340090475157099
03_lbm_base,0.9549786666666668,0.004976469263778643,178591666.66666666,25603583.27135742,0.39871295644259386,0.006477528221834254,2.5080699882999125,0.040746341118431346
04_dc.B,0.5901490000000001,0.020578033239355024,422744333.3333333,8518663.647153435,0.3300406574539598,0.011753122932624985,3.0299297296106573,0.10789924145723453
05_lu.B,1.4277600000000001,0.020698451632912063,473818000.0,22167006.451029874,0.4748815922516098,0.008451797802282349,2.1057880876337762,0.03747817439448279
06_lu.C,1.3963966666666667,0.01330795376206778,493984333.3333333,43696221.12189261,0.48818059881858433,0.006307082374895106,2.048422248692468,0.026464730250110535
07_sp.C,1.2799000000000005,0.01377807315991608,174913666.66666666,11718682.02202506,0.3943569681850255,0.009333106589158409,2.5357736281480316,0.06001325567139093
