app,IPC:mean,IPC:std,hitsL3:mean,hitsL3:std,progress:mean,progress:std,slowdown:mean,slowdown:std
00_sphinx3_base,0.8727196666666667,0.001218219328911323,381840333.3333333,13528971.222281948,0.35756599478023593,0.0056244693711192,2.796686526677715,0.043991537057622904
01_soplex_base,0.5754646666666666,0.007589674323271958,1351200000.0,45277972.56945147,0.3336555744098582,0.004994456825933868,2.9971026312649367,0.044863328662262704
02_omnetpp_base,0.36904033333333336,0.0039433529303542535,814997000.0,12101348.189354772,0.23632950167034897,0.003975744180169041,4.231380309830632,0.07118402705539867
03_lbm_base,1.0304766666666667,0.004851127016821381,215567666.66666663,34369686.08139058,0.430234111664389,0.00692319053135119,2.3243159314621384,0.0374021529495085
04_dc.B,0.6867396666666666,0.017673176011496473,826722333.3333334,30839654.02421585,0.3840589598328215,0.010266491688834166,2.6037668810937094,0.06960272728970131
05_lu.B,1.5321066666666667,0.012826364774687118,549653333.3333334,12614153.65109102,0.5095879232966136,0.006773423026400292,1.9623698959167335,0.026083744986202025
06_lu.C,1.48961,0.01369466684516277,612965666.6666666,16472957.759107295,0.5207680017899532,0.0065997969863805725,1.9202408684152226,0.02433559637483874
07_sp.C,1.36093,0.00368602767216955,229349666.66666663,2139014.804374509,0.4193235633346719,0.008910615874843483,2.3847932418762663,0.050676800393213324
