app,IPC:mean,IPC:std,hitsL3:mean,hitsL3:std,progress:mean,progress:std,slowdown:mean,slowdown:std
00_xalancbmk_base,0.7157800000000001,0.10209140576953582,524847333.3333333,153676589.050946,0.30925189309384393,0.04416633331110528,3.2336099546415555,0.4618134868182313
01_omnetpp_base,0.7397833333333333,0.027261392963921192,1964850000.0,67334901.05435665,0.4737493729520883,0.018511366426372366,2.1108207358010223,0.08247858114790443
02_mcf_base,0.5880103333333334,0.03028152149964285,2645893333.333333,939036482.6956053,0.5461582282987967,0.029067129949872546,1.8309712244285954,0.09744626329391601
03_lbm_base,1.4668,0.010946702699900135,140241666.66666666,7554664.14431067,0.612403381272737,0.01047328563216215,1.6329106444868644,0.027925939200346243
04_dc.B,0.9479879999999999,0.05103031305998422,778182666.6666666,271486088.36795545,0.5301620146411573,0.0287950371877519,1.8862158592724807,0.10244727896743214
05_lu.C,1.9168066666666668,0.015258100580784409,355084666.6666667,53612110.78043219,0.6701160556237277,0.007913460081966802,1.4922788248510541,0.017622453323598603
06_astar_base,0.6913776666666668,0.0064262690834832655,166937000.0,34131832.63465353,0.7713235532009922,0.013802097781258658,1.2964727912819474,0.02319914147798873
07_gamess_base,2.62126,0.031785205678113784,149183000.0,17886171.781574726,0.7811939966383082,0.012399651732452208,1.2800917624857258,0.020318502329393813
