app,IPC:mean,IPC:std,hitsL3:mean,hitsL3:std,progress:mean,progress:std,slowdown:mean,slowdown:std
00_sphinx3_base,1.5341966666666669,0.008681246070313559,363970333.3333333,12267089.684735054,0.6285827835190935,0.010471123769944385,1.5908803521495503,0.026501370236820438
01_mcf_base,0.6205816666666667,0.019350089439931085,1757243333.3333333,122301848.85492666,0.5764112709720765,0.019569464946564277,1.734872391224362,0.058899827530388436
02_sp.C,2.2354233333333333,0.05981461554949043,175683000.0,20542570.94426109,0.6887684728052166,0.023460592063212823,1.4518666859521017,0.049452977878857704
03_astar_base,0.6829116666666666,0.010212476797199216,101616000.0,24799696.39814165,0.7618786065152207,0.016294830505536474,1.3125450582920681,0.028072318966369955
04_bwaves_base,2.00976,0.009905291515144708,247627000.0,49119173.16079333,0.7526824536633047,0.010632936778769758,1.3285815221718018,0.018768503585993954
05_dealII_base,2.255996666666667,0.0102167525825642,52725533.33333334,8823057.436248126,0.7572381354102218,0.00963090523263365,1.3205885351485445,0.0167958564665105
06_gamess_base,2.5889366666666667,0.06336482173361922,82923500.0,991039.5501694168,0.7715609217234433,0.020470969290145424,1.296073935116219,0.03438729072003479
07_milc_base,0.9320223333333332,0.011991444630791302,25019866.66666667,209732.55191632395,0.623458282141559,0.014555809113576021,1.6039565575503023,0.03744739006108784
