app,IPC:mean,IPC:std,hitsL3:mean,hitsL3:std,progress:mean,progress:std,slowdown:mean,slowdown:std
00_sphinx3_base,1.4491133333333337,0.06158212105256961,316465333.3333333,29393318.12390928,0.5937228990859269,0.02689129434616403,1.684287403331692,0.07628587072565281
01_omnetpp_base,0.674867,0.004069357197396149,1086393333.3333333,12950530.233675115,0.43217764400755665,0.006190715740405815,2.3138633241809123,0.0331448660077013
02_mcf_base,0.5619956666666667,0.002436817870365664,1466626666.6666667,93356073.36072645,0.5219951763063139,0.007367554619263478,1.9157265150917533,0.027038984987147383
03_lbm_base,1.5657500000000002,0.010404095347506168,58968433.33333334,20857998.59630193,0.65371597643018,0.010956981730658196,1.5297163233807012,0.025639688202055335
04_dc.B,0.9905126666666666,0.030194025258870886,461593000.0,2055187.825966279,0.5539439221673534,0.017354613902384165,1.8052368840647508,0.05655660775680801
05_dealII_base,2.2316,0.005282300635140038,37852866.66666666,6758061.5248259865,0.7490492552359492,0.009077197703968126,1.3350256915815257,0.01617823134814418
06_leslie3d_base,2.2394466666666664,0.013622251404717813,107021166.66666669,15818573.46865808,0.7166657421669987,0.014562032662243134,1.3953506372109779,0.02835232711543958
07_namd_base,2.238183333333333,0.0420733898483751,4948116.666666667,825068.915990254,0.7788543404175357,0.016295124763386633,1.2839371216239361,0.026862424075327792
