app,IPC:mean,IPC:std,hitsL3:mean,hitsL3:std,progress:mean,progress:std,slowdown:mean,slowdown:std
00_lu.C,2.0053066666666663,0.005431807556728675,126134333.33333331,1436605.141760716,0.7010556761676355,0.006403347259997963,1.426420231652017,0.01302872851965972
01_bzip2_base,1.3922966666666663,0.006428843856661491,380990666.6666667,7933700.796811865,0.7768139930629816,0.02171106639281772,1.2873094575150414,0.03597883322107616
02_dealII_base,2.2728266666666666,0.0036432997863657937,43075266.66666666,6356627.5534542175,0.7628872208043878,0.00914891196841946,1.310809740587345,0.015719863430580867
03_gromacs_base,1.83354,0.013898111382486505,167979333.33333334,10614382.758000268,0.7736172798181782,0.01165446758149486,1.292628830931786,0.019473325115670598
04_leslie3d_base,2.272523333333333,0.008182917165249591,90540833.33333331,7870475.483942082,0.7272509077875585,0.014340533714074802,1.3750412537018322,0.02711419847785874
05_milc_base,0.9357896666666666,0.005541501631627763,26055733.33333333,487129.575506695,0.6259783667835809,0.012746137643995112,1.5974992956038199,0.03252819424507564
06_ep.B,1.3257666666666663,0.002723826964646161,1438456.666666667,89705.00227597867,0.7660040791407225,0.004022563903361107,1.305476076735474,0.006855526081360287
07_ft.B,3.10732,0.006822550842610084,201552000.0,2204758.7169574816,0.8144273604035637,0.017831930427234684,1.2278565880994983,0.026883985384236857
