app,IPC:mean,IPC:std,hitsL3:mean,hitsL3:std,progress:mean,progress:std,slowdown:mean,slowdown:std
00_soplex_base,0.9141326666666666,0.009057907558224129,1033580000.0,10682148.660264935,0.5300159638821997,0.0064546149811613145,1.8867356233486166,0.02297695324260724
01_dc.B,0.8795983333333334,0.009275843483658655,420376000.0,3455946.758849158,0.49191511335059546,0.0062899633941529585,2.0328710642547074,0.025993681088797144
02_lu.B,1.8911866666666668,0.009921362473639169,193163333.3333333,13934634.273397112,0.6290200982739964,0.007284481545645238,1.5897743215899718,0.018410670404872133
03_lu.C,1.87017,0.02507656076897307,176607333.33333334,11884702.702774413,0.6538118661310792,0.010458614189705354,1.5294919713181154,0.02446631403147558
04_bwaves_base,1.9968733333333333,0.020173528033869983,218358333.3333333,48315765.71196336,0.7478562217320256,0.012454331092930697,1.3371554196393696,0.02226815240010491
05_gamess_base,2.6122099999999997,0.011589378758156221,52633300.0,837786.4823449947,0.7784968946073854,0.008689498683959221,1.2845266396397432,0.014337748322412152
06_gromacs_base,1.834663333333333,0.0028204668644275887,134567333.33333334,21966415.463915214,0.7740912427956219,0.010147955339632857,1.2918373761580237,0.016935352416564325
07_cg.C,1.1546566666666669,0.0017628480743766169,5492043333.333333,23288547.25682431,0.6125954535969075,0.02805712984368964,1.632398663960715,0.07476454649228968
