app,IPC:mean,IPC:std,hitsL3:mean,hitsL3:std,progress:mean,progress:std,slowdown:mean,slowdown:std
00_xalancbmk_base,0.4960096666666667,0.023972778485885502,149529333.33333334,27263171.90521553,0.21430038337130566,0.01047514923547383,4.666347228447832,0.22809424245330467
01_sphinx3_base,1.1558433333333331,0.026484443232458795,260971000.0,11682662.83858265,0.4735658964487303,0.013145272328786784,2.1116385438626346,0.058614997252113735
02_soplex_base,0.8256610000000001,0.012408229688396343,1012573333.3333334,8350822.314798312,0.47871991310700457,0.00795269027790215,2.0889041224748004,0.034701726524089295
03_dc.B,0.8822363333333332,0.00596573820522936,454966666.6666667,7858749.603679532,0.4933904140871272,0.004884721964707317,2.0267925185579534,0.020065890318566697
04_lu.C,1.7860733333333334,0.02591156176947528,197522333.3333333,20248626.92464191,0.6244116519426702,0.010570084169576856,1.6015075902071956,0.027110432635328998
05_sp.C,1.9151099999999999,0.02378534843133484,192119666.66666663,58735162.06101191,0.5900749850307242,0.014435482469405377,1.6946998692851414,0.04145881603961817
06_bwaves_base,1.9804266666666668,0.024136779680258427,182810333.3333333,18200875.20789408,0.7416967213831037,0.013346677114312812,1.3482599709153582,0.024261655713407607
07_bzip2_base,1.2744566666666668,0.01711287624373341,335664333.3333333,6962556.020121735,0.7110666827848503,0.021802261856055657,1.4063378642401858,0.04312021237469212
