app,IPC:mean,IPC:std,hitsL3:mean,hitsL3:std,progress:mean,progress:std,slowdown:mean,slowdown:std
00_xalancbmk_base,0.494575,0.019866293363383133,237004666.66666663,55249741.73996955,0.21368053735349948,0.00872411026204738,4.679883401573742,0.19106943156601922
01_soplex_base,0.7350003333333334,0.024273917696435752,1818650000.0,173497483.26704916,0.42615467571673205,0.014393828001064153,2.3465658292218454,0.07925775983142071
02_mcf_base,0.4259836666666667,0.0496602152767518,2147776666.6666665,879230252.7969185,0.3956639390195951,0.04643075588793765,2.5273973728257184,0.2965874796178335
03_libquantum_base,1.7993533333333334,0.010302263505333942,401101000.0,5415733.006712941,0.5550538852825984,0.00653090957125876,1.8016268807682758,0.02119841433675572
04_lbm_base,1.32062,0.027027149313237,234597666.66666663,19413559.44522625,0.5513717980477242,0.014117884766097853,1.813658231234824,0.04643875150002113
05_dc.B,0.8737713333333333,0.02662533677408284,925145000.0,16485099.30209703,0.4886563652869976,0.015303746886327572,2.046427860225826,0.06409005636431502
06_lu.B,1.7952599999999999,0.019606741187662948,560749333.3333334,18364286.899668436,0.5971143100420413,0.008973962969955318,1.67472121029823,0.02516919436272918
07_astar_base,0.6647623333333333,0.0026829875760676627,253098333.3333333,24330154.83578626,0.7416306162346131,0.011728355205667307,1.3483801478924546,0.021323662994179995
