app,IPC:mean,IPC:std,hitsL3:mean,hitsL3:std,progress:mean,progress:std,slowdown:mean,slowdown:std
00_dc.B,1.4537033333333331,0.0068298340633821284,509353000.0,3535190.37676898,0.8129831684478768,0.007010732691641074,1.2300377656147177,0.010607188820171894
01_sp.C,2.591506666666667,0.013480494550769918,98690266.66666669,5510993.7772903815,0.798483250330454,0.017334341967475214,1.2523744231155105,0.027187904708858204
02_astar_base,0.7233866666666667,0.0007680366744716065,83003466.66666667,1931915.8013053585,0.8070338412313314,0.012369735276520783,1.239105411582556,0.018992271622209508
03_perlbench_base,2.4130800000000003,0.010725171327302992,87515533.33333333,3227390.695799524,0.7447578562713343,0.006133897110975731,1.3427182963957542,0.011058756627758959
04_sjeng_base,1.6654,0.02059455267783223,4309150.0,769024.0091830684,0.7645856160819771,0.010380452237672892,1.307898002481886,0.01775677237571175
05_tonto_base,2.45903,0.004576494291485575,20431466.666666668,1170770.576728563,0.8071196780751027,0.0015594827736208085,1.238973633234785,0.002393892864324694
06_wrf_base,2.55303,0.004931977291107469,89562966.66666667,1799325.6301551803,0.8092859158010188,0.009418230353357284,1.2356572386536782,0.014380213820865639
07_bt.C,2.9631266666666662,0.004710353843750414,138919666.66666666,3243643.0650324808,0.8278794098829059,0.013875853677866085,1.2079053882273005,0.020245362094605857
