app,IPC:mean,IPC:std,hitsL3:mean,hitsL3:std,progress:mean,progress:std,slowdown:mean,slowdown:std
00_xalancbmk_base,1.4943466666666667,0.05679394891476852,1145290000.0,32092629.99506273,0.6456306904427925,0.024987289447903804,1.5488730861201325,0.059944703208592395
01_lu.B,2.1090633333333333,0.01396784998964878,157432333.33333334,13273427.67838562,0.7014871924502863,0.008604354952385006,1.4255427764931985,0.017485530998664945
02_lu.C,2.111883333333333,0.026713076073962918,129040000.0,7572662.873784889,0.7383149035744293,0.011344272679422679,1.35443561434107,0.02081102096330299
03_astar_base,0.7081916666666667,0.0045246217889823035,82237366.66666667,5220875.112788403,0.7900818019104838,0.013092996903049875,1.2656917265806102,0.02097466087215783
04_calculix_base,2.1548233333333333,0.02808060065834304,33055533.33333333,3840505.060969629,0.784970796449431,0.01593870883180836,1.2739327431328478,0.025867004423532645
05_dealII_base,2.31023,0.01188651336599581,43957433.333333336,2120743.6816676687,0.7754418627548606,0.010042580292612296,1.2895873282458168,0.01670116730896446
06_gromacs_base,1.8660166666666669,0.002491773130390097,244860000.0,37834581.839898795,0.7873200136141294,0.010303940267546939,1.270131563669492,0.016622668721324587
07_wrf_base,2.514556666666667,0.022235449924238804,100128400.0,1722395.5062644584,0.7970902397609472,0.01154811465603761,1.2545630972722823,0.018175907529464897
