app,IPC:mean,IPC:std,hitsL3:mean,hitsL3:std,progress:mean,progress:std,slowdown:mean,slowdown:std
00_xalancbmk_base,0.7488816666666667,0.1142396827040996,647029000.0,219837895.57080463,0.3235534285952942,0.04941372661457784,3.090679657889875,0.47201477768679245
01_sphinx3_base,1.35973,0.0643066551765833,589737000.0,151111136.63790634,0.5571012418449722,0.027755576034728925,1.7950058712636574,0.08942974490174871
02_lbm_base,1.3554399999999998,0.01913552716807143,139954000.0,7544304.010311356,0.565909489441177,0.01181770484614104,1.7670670286647387,0.03690108926911352
03_dc.B,0.8849110000000001,0.033733081552090614,633595333.3333334,248420808.24547157,0.49488622064638077,0.019201641594527183,2.020666485104152,0.07840208922843986
04_sp.C,1.89677,0.075841867724892,346297333.3333333,138591368.58164483,0.5844241476242759,0.026415749667762608,1.7110860392491798,0.07734043957038618
05_bzip2_base,1.3218066666666668,0.03998126102730293,788129333.3333334,53309729.15269157,0.7374850054398869,0.03018040061252793,1.3559597722309364,0.05549049653693263
06_leslie3d_base,1.9814033333333336,0.05268805209279763,238351666.66666663,36433647.32405107,0.6340869427933831,0.0208667837052478,1.5770707966239412,0.05189886903527961
07_povray_base,1.8650033333333331,0.19540109578334847,6862836.666666668,3986071.968120162,0.6790629312406015,0.07126953821327756,1.4726175645798667,0.15455529813801944
