app,IPC:mean,IPC:std,hitsL3:mean,hitsL3:std,progress:mean,progress:std,slowdown:mean,slowdown:std
00_libquantum_base,1.9478766666666667,0.0068944204494166324,94218733.33333331,1705842.1536980874,0.600869485640017,0.0065323907869433255,1.6642549237374713,0.018093053135104478
01_lbm_base,1.4186766666666666,0.013935351927143132,58628366.66666666,7541940.860503571,0.5923114177797942,0.010813005985898988,1.6883010693063722,0.03082096515518534
02_lu.C,1.8137133333333333,0.01591973722563692,180007666.66666666,12514385.815266099,0.6340746023588693,0.007846492204674677,1.5771014897613367,0.019516180744910818
03_gamess_base,2.556383333333333,0.07464430342185098,47380366.66666666,4451118.257621712,0.7618593016740907,0.02357454809556038,1.312578317023399,0.040615689269479914
04_gobmk_base,1.22984,0.029914292570609145,66624066.66666666,6228986.628122856,0.7283322574722991,0.01834363673395447,1.3729997398035516,0.03458010846612579
05_leslie3d_base,2.0846366666666665,0.025717325547835127,116996600.0,30347392.04083277,0.6671235828486821,0.015330173785788414,1.4989726427147176,0.0344456585012846
06_namd_base,2.262573333333333,0.01061320089950858,8018136.666666668,4002774.680772493,0.7873416958007484,0.008120111851043407,1.2700965861879985,0.01309892057855008
07_povray_base,2.0655266666666665,0.16610018793888626,2823513.333333333,863259.868425107,0.7520751130859259,0.06065495538687598,1.3296544222780953,0.10723680156402916
