app,IPC:mean,IPC:std,hitsL3:mean,hitsL3:std,progress:mean,progress:std,slowdown:mean,slowdown:std
00_sphinx3_base,1.8702233333333331,0.016433612911752857,396787000.0,565052.2099770958,0.7662578170132625,0.013764762162552055,1.305043782649844,0.023443307045024855
01_omnetpp_base,0.977231,0.008804190422747608,1199026666.6666667,16644922.148611365,0.6258083314655312,0.009894880330377625,1.5979333443167478,0.025265498113307232
02_calculix_base,2.161116666666667,0.008141752473106435,25807100.0,82383.19003291872,0.7872633662404527,0.01261243043618054,1.2702229557250495,0.02034973219194436
03_gobmk_base,1.3274666666666668,0.0006132971003788563,71312466.66666667,106315.81882924779,0.7861484372378207,0.005148803900143613,1.2720244073925269,0.008331002034262425
04_gromacs_base,1.883576666666667,0.004837936888109688,143732666.66666666,8494791.188330252,0.7947290253802252,0.010546055798730544,1.2582905217555962,0.016697517807531276
05_h264ref_base,2.058876666666667,0.035335321327721735,36323100.0,4220285.669240887,0.7976864802316361,0.021126959401037752,1.2536253588121677,0.03320263376163167
06_leslie3d_base,2.4831266666666667,0.015335450216193012,79253766.66666667,14747325.630206086,0.7946480003072185,0.016168842367548494,1.258418821432119,0.025605268682769827
07_ep.B,1.3689433333333334,0.005977945577983646,1769386.666666667,179170.86602830645,0.7909507787538015,0.005151811702321323,1.264301176333084,0.008234951871156611
