app,IPC:mean,IPC:std,hitsL3:mean,hitsL3:std,progress:mean,progress:std,slowdown:mean,slowdown:std
00_lu.C,2.0761266666666667,0.002305045191169404,109880666.66666669,2148210.495583086,0.7258143646074048,0.006382339963970388,1.377762756928768,0.012115150558053293
01_sp.C,2.4076033333333338,0.008160302281982942,153464666.66666666,24540612.10184728,0.7418197914880026,0.015835962028160466,1.348036290584966,0.028777139347368117
02_gobmk_base,1.28197,0.00675462064071699,68442266.66666667,3339777.4212263487,0.7592045340139884,0.00637202657473688,1.317168108458076,0.011055031700240251
03_h264ref_base,2.0241933333333333,0.014896071070364019,40994366.66666666,1814364.1319573454,0.7842488486642439,0.01683994119938963,1.2751054741147914,0.02737995885322098
04_hmmer_base,1.5850666666666668,0.005311471861295432,2112676.666666666,447299.922013556,0.7943882298500332,0.007815799931932994,1.2588303331090174,0.012385337121228539
05_leslie3d_base,2.34214,0.0133214563768381,112538000.0,11696284.324519476,0.7495295718997615,0.015143771997192046,1.3341701748543353,0.026956066432759683
06_povray_base,2.15918,0.03752130994514974,2548790.0,599731.4716604424,0.7861750559209449,0.014491750978196298,1.2719813385945897,0.023446733229449047
07_tonto_base,2.4208833333333333,0.013900224218815132,17838900.0,649036.9789156857,0.7945989177266571,0.004581040276830451,1.2584965542880353,0.007255513787937316
