app,IPC:mean,IPC:std,hitsL3:mean,hitsL3:std,progress:mean,progress:std,slowdown:mean,slowdown:std
00_xalancbmk_base,0.33987966666666664,0.0159654740716752,138597666.66666666,42126250.07442905,0.14684460356641887,0.0069808459630964215,6.809919981483643,0.32373680242357367
01_sphinx3_base,0.9030753333333332,0.018100796511019413,270701333.3333333,809286.9289277677,0.37000315480246976,0.009413091943682403,2.7026796583230785,0.06875771675973144
02_mcf_base,0.297148,0.009137109335014016,1290226666.6666667,59017678.98971742,0.2759982538105013,0.009261100998999855,3.6232113290346892,0.12157658824156677
03_lbm_base,1.0807533333333332,0.01380261690163625,102266300.0,22840556.0564974,0.45122511293640216,0.009023217772159736,2.2161887078766047,0.04431746541152818
04_dc.B,0.6636633333333334,0.004973891065688225,455556333.3333333,5234043.306405981,0.3711535270947164,0.0038653428833360843,2.6943028342683792,0.02805955898496371
05_lu.B,1.5241733333333334,0.0055989671666597145,231818000.0,13340124.099872535,0.5069492487538361,0.005555312110810048,1.972584045559123,0.021616207272863338
06_lu.C,1.4966700000000002,0.024325975828319742,255566333.3333333,6585191.897988496,0.5232361794288232,0.00965173391626472,1.9111828258734387,0.035254114348135586
07_sp.C,1.4527633333333334,0.01994933917034166,112409666.66666669,1396070.318190792,0.4476188324273027,0.011260024350949131,2.234043627202412,0.05619822898641634
