app,IPC:mean,IPC:std,hitsL3:mean,hitsL3:std,progress:mean,progress:std,slowdown:mean,slowdown:std
00_bwaves_base,2.0352566666666667,0.010581617708712163,140047333.33333334,1525726.8213324824,0.7622313020964022,0.010841504376882822,1.3119377244802868,0.01866018693148846
01_gobmk_base,1.2876833333333335,0.008232717250904013,77787266.66666667,1172396.7644672724,0.7625880676153987,0.0069707905130700736,1.3113239538706458,0.011986765811569402
02_perlbench_base,2.2620400000000003,0.013705517137269696,69098366.66666667,1244469.2094758023,0.6981418192517485,0.006428567832778574,1.4323737275497632,0.013189457235655329
03_ep.B,1.3472733333333335,0.005108789811034907,2260730.0,183379.57056335369,0.778430243419545,0.0047817776625430145,1.2846366240950855,0.007891325864470274
04_ep.C,1.3463733333333332,0.0012567550808863966,2533823.333333333,83955.4610095933,0.7927973196042215,0.00607810529901599,1.2613564340747492,0.009670387419731663
05_ft.C,2.7745266666666666,0.0197784967409894,477354666.6666667,31040498.551623397,0.7989959251455476,0.00734536149688182,1.2515708385093915,0.011505991405566067
06_sp.B,2.3902533333333333,0.01680767780906491,113160466.66666669,24157768.40383509,0.7833146537504451,0.013939587757596857,1.2766261874613014,0.022718383587692452
07_ua.B,2.345403333333333,0.010889051075889972,72415733.33333333,321203.6166255521,0.7464619438833533,0.014023487358983632,1.3396530234316488,0.025167535188443096
