app,IPC:mean,IPC:std,hitsL3:mean,hitsL3:std,progress:mean,progress:std,slowdown:mean,slowdown:std
00_bwaves_base,2.076623333333333,0.014133613597849832,117495333.33333331,2831738.041085959,0.7777236813688221,0.011577264367952063,1.2858037166104592,0.019140589272393687
01_dealII_base,2.32832,0.015596050782169081,43545966.66666666,5112167.902498249,0.7815138743282692,0.010661832732842479,1.2795678142752425,0.017456552537672587
02_h264ref_base,2.0488533333333336,0.02208166735854289,39746666.66666666,4194577.43561057,0.7938030628243178,0.018154987076035946,1.2597583038317366,0.028811800805631133
03_hmmer_base,1.5859666666666663,0.005508814149463993,2381246.666666666,443366.4998997256,0.7948392830592765,0.007853941424029872,1.2581159755354256,0.012431656797912095
04_wrf_base,2.5097033333333334,0.022230596783112514,93528433.33333331,4473769.451294212,0.7955517798480771,0.011533194007707085,1.2569892058955174,0.01822269869090748
05_ep.C,1.36351,0.011685687827423831,2300810.0,402181.6764846454,0.8028880597161402,0.009201963966635194,1.2455036388927596,0.01427481635417051
06_ft.C,2.8505933333333338,0.0138985694707525,390775000.0,22386330.56130459,0.8209012675725099,0.006223217484795783,1.2181732925776856,0.009234919756304406
07_sp.B,2.479893333333333,0.017267128693947198,78248933.33333333,709285.2834602846,0.8126907556819793,0.014440318987648129,1.2304803432405698,0.021863825249881067
