app,IPC:mean,IPC:std,hitsL3:mean,hitsL3:std,progress:mean,progress:std,slowdown:mean,slowdown:std
00_xalancbmk_base,0.530874,0.016135668966609343,204584666.66666663,32952352.30349016,0.22936347689835046,0.007170083992146033,4.359892052225826,0.136293679507672
01_sphinx3_base,1.2395033333333334,0.04324114861255809,300738333.3333333,8537540.297611099,0.5078426204253658,0.019421274117495762,1.9691139730698584,0.07530423934790868
02_omnetpp_base,0.5797676666666666,0.011650549700908293,999882333.3333334,23034190.37720521,0.3712770431088769,0.008884686807621224,2.693406496740361,0.06445341454126184
03_mcf_base,0.469013,0.05112788889637429,1425926666.6666667,186761067.2311907,0.43563062519157003,0.04784793891402903,2.2955227253828783,0.2521311055474684
04_libquantum_base,1.9839,0.08055716231347786,177867333.33333334,102069928.82496455,0.6119817506727306,0.025633680501723172,1.6340356536787808,0.0684437858298585
05_dc.B,0.9100943333333332,0.019199382967515704,465041000.0,3863749.344872154,0.5089699925246954,0.011350527612430225,1.9647523718237272,0.04381589558423906
06_sp.C,1.9879566666666664,0.02151803274775213,119878000.0,26729242.20773945,0.6125201687240219,0.01451283725587246,1.632599302130999,0.03868223315035621
07_bwaves_base,2.011283333333333,0.003441022134967051,151310333.33333334,2842108.4309599013,0.7532529627146742,0.010055301001071652,1.327575262891852,0.01772202637191744
