app,IPC:mean,IPC:std,hitsL3:mean,hitsL3:std,progress:mean,progress:std,slowdown:mean,slowdown:std
00_soplex_base,0.6110883333333332,0.004768027929168769,823183666.6666666,29602674.445619494,0.3543102481939167,0.0037329481091209933,2.8223851979937433,0.029736135327069316
01_omnetpp_base,0.4701423333333334,0.003418864187611615,946991000.0,15659446.957028847,0.3010741464143533,0.0044830012642528535,3.321440953697,0.0494563354970787
02_mcf_base,0.3320016666666667,0.009355300600907087,1147153333.3333333,57267243.98234418,0.3083711829195422,0.009626105053498141,3.242845166439927,0.10122855173702801
03_lbm_base,1.2522933333333333,0.039932104043405164,83358866.66666667,12846228.945621878,0.5228447448040905,0.018511750210776275,1.9126136581418622,0.06771766693860093
04_lu.B,1.6896733333333331,0.02233959787761055,207777000.0,21798448.270461824,0.5619955475138806,0.009427332469576066,1.7793735278219462,0.029848538673565964
05_lu.C,1.6587500000000002,0.03262846456700035,225987333.3333333,14910752.976739075,0.5798993850531917,0.012478209097681372,1.7244370761115295,0.03710624112757114
06_calculix_base,2.083063333333333,0.03837285802925478,22845666.66666667,2364440.044351586,0.7588296722645196,0.018303577145099344,1.3178187893150957,0.031786840650957084
07_milc_base,0.6027883333333334,0.014451744335315809,28515500.0,431237.0461822593,0.40322357668286224,0.01245650273438758,2.4800137140455605,0.0766133217319884
