app,IPC:mean,IPC:std,hitsL3:mean,hitsL3:std,progress:mean,progress:std,slowdown:mean,slowdown:std
00_xalancbmk_base,0.377792,0.004900461304816119,177316000.0,31836879.055585835,0.16322458184876568,0.0024301529626880795,6.126528177762719,0.09121420581108788
01_mcf_base,0.4292,0.01657004788767975,3581863333.333333,114874493.39750455,0.39865134725950424,0.01629551403896836,2.508457595526561,0.10253723270989233
02_lbm_base,1.0869733333333331,0.006914234110393872,258484666.66666663,18677374.235511083,0.4538220239205284,0.007556409437980794,2.2035069857586205,0.03668971558497752
03_dc.B,0.6440336666666666,0.023078403591525392,801273000.0,61852021.70503402,0.36017564169243865,0.013166760421909028,2.776423178705462,0.10149631066685591
04_lu.B,1.5837266666666665,0.015872823735345182,754795333.3333334,10361090.306204924,0.5267570468131906,0.00757944842831434,1.8984083953880935,0.027315986783231237
05_lu.C,1.5447699999999998,0.007931475272608478,833599333.3333334,23953629.98239168,0.5400519505944952,0.005466340776487891,1.851673711944173,0.01874241821589358
06_sp.C,1.4790133333333333,0.014504248802793203,444223666.6666667,28978957.26787513,0.4557068630663033,0.010593564621396285,2.19439310891946,0.05101183916271795
07_bzip2_base,1.2974233333333334,0.02493502824007488,1579843333.3333333,44131032.54324933,0.7238806386520239,0.024324797904082925,1.381443219509438,0.046421088417432
