app,IPC:mean,IPC:std,hitsL3:mean,hitsL3:std,progress:mean,progress:std,slowdown:mean,slowdown:std
00_libquantum_base,2.41208,0.009188149977008295,98249766.66666669,526812.6263989267,0.7328194180577892,0.009163787795406945,1.3645926613821544,0.017064009588088663
01_dc.B,1.2425033333333333,0.0020468593828919927,526882666.6666667,8209241.5199781675,0.7002241086842583,0.012568503813082157,1.4281142102905158,0.02563359169577915
02_lu.C,2.0411466666666667,0.01950373383055996,127172000.0,1976087.2956425787,0.7016250912344987,0.007680849728878808,1.425262597494219,0.015602674380249282
03_astar_base,0.7133970000000001,0.008644623126545155,74191533.33333333,3717683.314018737,0.7898916911548146,0.01380484844815228,1.265996352661982,0.022125676190948605
04_gamess_base,2.66812,0.03059294199648026,53524433.33333334,6189700.075394069,0.7850421092791453,0.018561140220000067,1.2738170197242502,0.030117488015304977
05_hmmer_base,1.5589966666666666,0.0108716389442133,1410253.333333333,267914.87908164656,0.7863130464021519,0.007286204352630747,1.2717581179348258,0.01178447893849527
06_povray_base,1.70425,0.13335219383272234,1649150.0,518752.026598451,0.6188211685193076,0.0486124559314593,1.6159757469072416,0.12694547920977317
07_bt.B,2.6038633333333334,0.10496591891339448,35962466.666666664,10345623.100777127,0.7373333786403735,0.031858706049824284,1.3562386146738372,0.05860036804245767
