app,IPC:mean,IPC:std,hitsL3:mean,hitsL3:std,progress:mean,progress:std,slowdown:mean,slowdown:std
00_xalancbmk_base,0.7376196666666667,0.01789264444774256,834575000.0,23110579.59030885,0.3182669240195374,0.00804511967788881,3.1420167303926725,0.07942358667590045
01_sphinx3_base,0.8237156666666667,0.03653695198471445,228875333.3333333,48158482.84916514,0.33485556401716055,0.015863876948253506,2.986362203462602,0.14147975309204672
02_omnetpp_base,0.48654200000000003,0.0035770645786734156,1042043333.3333334,33273458.391536824,0.31482425716947926,0.004030460702566986,3.1763753180609275,0.04066476964370774
03_libquantum_base,1.57128,0.03831019185543196,170342000.0,63103451.94995279,0.4773740900823534,0.012953642585509455,2.094793204690868,0.05684263772974832
04_lbm_base,1.1014633333333337,0.0047036404341033,108616700.0,12367730.267514732,0.46457342739928653,0.005597187892224741,2.152512263988209,0.02593350129667483
05_dc.B,0.7320679999999999,0.001845804160792832,474439000.0,5178413.946373928,0.41256361173780964,0.007446965331751576,2.4238686387967605,0.04375195777884236
06_lu.B,1.53566,0.00843297693581573,241134666.66666663,6000877.380294758,0.5049082733201891,0.008731524870606543,1.9805577623519093,0.034250358477849595
07_lu.C,1.5337033333333334,0.01703667025370081,225078666.66666663,3197770.0563569786,0.5271961876869806,0.00649822036681448,1.8968270699896328,0.02338029103095516
