app,IPC:mean,IPC:std,hitsL3:mean,hitsL3:std,progress:mean,progress:std,slowdown:mean,slowdown:std
00_xalancbmk_base,1.2996800000000002,0.1994416313110179,1003338666.6666666,157116766.78614965,0.5607837948234105,0.08614707579744102,1.7832184332553649,0.2739363279593667
01_mcf_base,0.5374303333333333,0.12979558839318595,1170490666.6666667,348622908.42876834,0.5070113428029648,0.12323076605134367,1.9723424617516316,0.47938428977456266
02_lu.C,2.00115,0.01874909064461519,128613666.66666669,7374397.21830424,0.6878766108546424,0.007418853330135983,1.4537490942707942,0.015678903947341945
03_astar_base,0.6978976666666666,0.005813873092296872,65700900.0,5391601.004339991,0.7727304266436954,0.011668094229803675,1.2941123650888646,0.019540870268815583
04_h264ref_base,1.9746366666666668,0.12622488357425146,35820800.0,5829563.737536455,0.7478617318488651,0.04796822786315809,1.3371455677078146,0.08576518966875343
05_leslie3d_base,2.1145766666666668,0.01922467251563299,71113166.66666667,17753596.117218994,0.6747450187041238,0.009093664839817751,1.4820413226918547,0.019973748147416363
06_povray_base,1.9748033333333328,0.2688156566000823,4042750.0,3273402.913192936,0.717060352840931,0.09773604825928713,1.3945827517001694,0.19008303357133666
07_cg.C,1.3430099999999998,0.006760909702103699,5430263333.333333,8674112.826873526,0.6881219994158948,0.016470176025149802,1.4532306783518614,0.03478302553605314
