app,IPC:mean,IPC:std,hitsL3:mean,hitsL3:std,progress:mean,progress:std,slowdown:mean,slowdown:std
00_soplex_base,0.5682513333333333,0.01134233310802211,947993333.3333334,16102523.78769656,0.32707748154287736,0.008436203977314975,3.0573795398045696,0.07885800426306486
01_mcf_base,0.3465559999999999,0.0035008200467890327,1620230000.0,14160776.814850235,0.3269406507567633,0.009527106902192165,3.0586591104083234,0.08912985355223917
02_libquantum_base,1.31094,0.003037169735131649,181236666.66666663,17138628.367910113,0.3982796125786367,0.00483263183651693,2.510798866970774,0.030465447279749716
03_lbm_base,0.9286200000000001,0.0048166948211402355,105850233.33333331,19318444.043021,0.39167184516796627,0.004857726871019807,2.553157732262209,0.03166564836092155
04_dc.B,0.6168183333333334,0.003156764852397702,468649000.0,2405506.391594086,0.3476136088260875,0.006462754506890398,2.876757338060099,0.05348402933522511
05_lu.B,1.406723333333333,0.04246050439329863,258401666.66666663,27207376.91019355,0.46251530239281746,0.01588775039593928,2.162090626680916,0.07426944802127217
06_lu.C,1.3852566666666666,0.01090179954564068,263912333.3333333,3588973.2979409737,0.4761690333210732,0.004529199341343579,2.1000945673124356,0.01997556805550833
07_sp.C,1.2451733333333337,0.00871395050096876,117664000.0,359271.4850917061,0.38327963719193137,0.005377024942399578,2.6090611213432124,0.03660248383788336
