app,IPC:mean,IPC:std,hitsL3:mean,hitsL3:std,progress:mean,progress:std,slowdown:mean,slowdown:std
00_dc.B,1.342496666666667,0.003411412219790049,502822333.3333333,11912290.977529598,0.7565762655190098,0.013658648031372183,1.3217438156271026,0.02386174981699829
01_sp.C,2.3881433333333333,0.013073600626198455,119950000.0,7474554.100412947,0.7350998337813712,0.00980212912419298,1.360359442412027,0.018139602673075416
02_astar_base,0.7214593333333333,0.0023005239258337353,81829900.0,5023423.086900008,0.798818516066218,0.010377709495559405,1.251848799054509,0.01626317230718235
03_perlbench_base,2.3288333333333333,0.14526385108943446,86181066.66666667,16159540.08081088,0.7207124495042233,0.04519355097996806,1.387515923566879,0.0870066441482634
04_sjeng_base,1.5125833333333334,0.01198000139120746,3047343.333333333,1226168.9607200688,0.6859466903289492,0.006553317321784719,1.4578392375075753,0.013927734126035806
05_tonto_base,2.29581,0.14229533126564628,14585966.666666664,5038721.270653233,0.7476000573120641,0.046728139596913194,1.3376135946209253,0.08360646065344651
06_wrf_base,2.51803,0.0005220153254454276,91416000.0,1594364.7669212963,0.8168941737777283,0.010506708538953238,1.2241487723868791,0.015744725293249495
07_bt.C,2.8373033333333333,0.0778513361049978,115650333.33333331,8185394.696246074,0.787884481880872,0.02758526532162187,1.2692215965629334,0.04443775108952433
