app,IPC:mean,IPC:std,hitsL3:mean,hitsL3:std,progress:mean,progress:std,slowdown:mean,slowdown:std
00_xalancbmk_base,1.17137,0.27538267992014315,1918561000.0,1045889357.8782604,0.50542080646182,0.11887599971288007,1.9785493339707634,0.4653588199179033
01_omnetpp_base,0.7687399999999999,0.012879366793441385,2170493333.333333,256351653.8533219,0.49742468164406245,0.009830119038733962,2.0103546062387805,0.03972867816707029
02_mcf_base,0.3853933333333333,0.1961442114907634,716560333.3333334,843039383.2320844,0.36357975968477885,0.18530895637919179,2.750428134027574,1.4018353704686577
03_lbm_base,1.4236799999999998,0.005246170031556405,160487000.0,37778065.22308944,0.6004774531333915,0.007117557688137038,1.665341462500937,0.01973956535411136
04_dc.B,0.9069823333333332,0.09655012929216264,696622333.3333334,79268008.40397932,0.5111381828223416,0.055173338817435205,1.9564181147225586,0.21117991795512844
05_lu.C,1.82362,0.0011452947218946992,380442666.6666667,70917792.77680133,0.6268523324522115,0.0033717892457598665,1.5952720413243988,0.008580842464056817
06_astar_base,0.627386,0.013679123034756279,114691266.66666669,29245096.11564533,0.6946580775456785,0.01749094876225855,1.4395571466369985,0.0362469265183419
07_gamess_base,2.665293333333333,0.012042330892868556,168697666.66666666,38432302.90176915,0.7842104179151027,0.01659781881214874,1.2751679615001728,0.026988938550837022
