app,IPC:mean,IPC:std,hitsL3:mean,hitsL3:std,progress:mean,progress:std,slowdown:mean,slowdown:std
00_xalancbmk_base,1.54105,0.06654631244479285,1186353333.3333333,101609509.56152353,0.6649297265577808,0.02909993102414961,1.5039183240863911,0.06581736046518245
01_bwaves_base,2.0131566666666667,0.03402114979440485,216382666.66666663,37863176.46914128,0.7699565650294304,0.01900101082016437,1.298774561343959,0.03205119692967033
02_calculix_base,2.1650099999999997,0.040909720116373324,29726266.66666667,7196602.315908066,0.7907874599585795,0.01799852394428041,1.264562288395897,0.028781759675247928
03_dealII_base,2.167476666666667,0.014907666931258312,33525800.0,14328249.29256886,0.729607516861661,0.011736150694426944,1.370599914185927,0.02204687693438967
04_gromacs_base,1.8773533333333332,0.003023728382863349,277362333.3333333,4460770.150246856,0.7999607977933134,0.023085756189444733,1.250061256449683,0.03607502951128932
05_leslie3d_base,2.2419766666666665,0.0163806176114741,115648366.66666669,33834659.70721936,0.7153973708926179,0.008830497334153904,1.3978245387626693,0.017254027433393285
06_sjeng_base,1.45218,0.040579645143840416,1430813.333333333,158376.45479468635,0.658554172064499,0.018735920839175742,1.5184779664596215,0.043200824142427
07_cg.B,1.19916,0.0024704857821893408,6559500000.0,35836982.294830576,0.8542364188120646,0.04575604484135575,1.1706361119450281,0.06270357626001812
