app,IPC:mean,IPC:std,hitsL3:mean,hitsL3:std,progress:mean,progress:std,slowdown:mean,slowdown:std
00_sphinx3_base,1.62715,0.04346108949393709,296876666.6666667,26625657.63194091,0.6614663931249611,0.02081634025943546,1.5117926026078314,0.04757609690328886
01_bwaves_base,2.08754,0.008806792832808089,148678333.33333334,24033255.50842693,0.7984053871092351,0.014748106528731158,1.2524965589481718,0.02313605716654511
02_bzip2_base,1.40862,0.008402434171119726,380699333.3333333,10206157.471513627,0.7926747374857909,0.0074366315058334576,1.2615514948436533,0.011835489576143806
03_gobmk_base,1.31882,0.004885765037330408,71363833.33333333,1420676.4738438278,0.7769022171342398,0.011093433216647667,1.2871632722180937,0.018379481335430204
04_povray_base,1.8810633333333333,0.021226950636710398,1946396.666666667,257344.21196781038,0.6830229191680546,0.009058826710476513,1.4640797137789086,0.01941786145859027
05_zeusmp_base,1.4831033333333332,0.0073322052162588655,17711533.333333332,4112012.8676030836,0.7505153213209769,0.007148941129362001,1.3324178355745049,0.012691781760655498
06_bt.C,2.8738833333333336,0.008666956405413224,135524000.0,6096503.014023695,0.7980423011061232,0.01752154405116961,1.2530664084021037,0.027511897857327612
07_cg.C,1.5182266666666664,0.012926988563982488,5395263333.333333,14592375.863214655,0.7778982803055792,0.01937009145709998,1.2855151185154612,0.03201002759042944
