app,IPC:mean,IPC:std,hitsL3:mean,hitsL3:std,progress:mean,progress:std,slowdown:mean,slowdown:std
00_soplex_base,0.8217946666666668,0.057994482818052064,2201550000.0,704270501.3700348,0.4730134610366688,0.03426347487299379,2.1141047398701374,0.15313850577246493
01_omnetpp_base,0.5526306666666666,0.04684524964533045,1715723333.3333333,573092992.1342027,0.35758791455292127,0.030542727434530872,2.7965150926598357,0.2388592979951521
02_mcf_base,0.268198,0.0657982707371554,848675666.6666666,452605344.051894,0.25301777678546156,0.0624580980514342,3.952291466255031,0.9756334557334848
03_lbm_base,1.1379733333333333,0.014131674824072803,242114666.66666663,33414687.37446654,0.47997255628632557,0.008047702743074342,2.0834524534845578,0.034933259840319614
04_lu.B,1.5762866666666666,0.014340370752994425,637259000.0,97946231.6937206,0.5182658785957198,0.009718938918393387,1.9295115524671909,0.03618375373577584
05_lu.C,1.5912433333333331,0.020297094209106317,557329000.0,76822656.97696221,0.5469750249498424,0.007564112536184305,1.828237038961148,0.02528267301928568
06_calculix_base,2.0749566666666666,0.0637181013004417,68066800.0,26543510.531389777,0.7578947496581792,0.0251818084427852,1.3194444221325106,0.043839856001150125
07_milc_base,0.6072846666666667,0.010299942831556613,43574200.0,10050983.929944372,0.4065077693385576,0.009586911832511796,2.4599775832750588,0.058015098307191225
