app,IPC:mean,IPC:std,hitsL3:mean,hitsL3:std,progress:mean,progress:std,slowdown:mean,slowdown:std
00_xalancbmk_base,0.9982193333333332,0.014675966214642618,3052860000.0,49713531.35716673,0.43071004078908764,0.007034035286531272,2.321747591878605,0.03791705077915815
01_mcf_base,0.16289,0.0022841700899889237,132198000.0,1109428.681799781,0.15367029456067471,0.004720812159433144,6.5074385577178875,0.19991108338709623
02_lbm_base,1.0257466666666668,0.013720008503398795,284775000.0,9648710.846532816,0.43263777390991376,0.007565921024955099,2.311402425550168,0.040421547223113384
03_dc.B,0.7635556666666666,0.017465280138988137,1442946666.6666667,18964246.18415751,0.43030877405223433,0.012491297064548936,2.323912642038324,0.06746012378599034
04_lu.B,1.4747266666666663,0.03109515932317016,880279000.0,22931098.12023837,0.4848740573342436,0.012951628518844148,2.062391222780267,0.05508920218340646
05_lu.C,1.4463566666666663,0.008439291044473595,823309000.0,13669935.881341945,0.4971715873141364,0.003933126172281651,2.011378014182763,0.015912018530004162
06_sp.C,1.4040966666666663,0.02925931361692096,517528666.6666667,57409693.99268153,0.43219819006381965,0.010427378844083634,2.313753326575331,0.05582249773974566
07_bzip2_base,1.3175700000000001,0.015215623549496744,1781586666.6666667,63448801.66979774,0.7414380413945236,0.010106342279004085,1.348730364737104,0.018384180399594847
