app,IPC:mean,IPC:std,hitsL3:mean,hitsL3:std,progress:mean,progress:std,slowdown:mean,slowdown:std
00_xalancbmk_base,0.9160286666666668,0.17109347674979702,1492660333.3333333,789195388.6081276,0.39524654673485954,0.07387660590208893,2.530066380746453,0.47290158120449194
01_sphinx3_base,1.0360576666666668,0.039708711718379135,332392666.6666667,115337354.57922266,0.42117649131270213,0.017598313722322862,2.3743015591474474,0.09920711286389158
02_omnetpp_base,0.6731463333333334,0.026334985273079897,2082403333.3333333,138379433.56342128,0.43556937398626505,0.01764133639344946,2.295845529377218,0.09298583810076995
03_mcf_base,0.3544266666666667,0.21381714485357184,1002664333.3333334,1466346987.3806586,0.3343658313390923,0.2019218571105178,2.9907362124746064,1.806090675389966
04_libquantum_base,1.9677666666666669,0.02787924735952068,337494333.3333333,139542943.2731492,0.5978315908013757,0.011065408788205267,1.672711873020175,0.030960626612323454
05_dc.B,1.0181056666666668,0.02445818751120631,1231902000.0,279999939.9142793,0.573762752873682,0.01718012493303227,1.7428806505677046,0.052186913789975274
06_sp.C,1.7991133333333331,0.005304576640348628,317655000.0,13905596.679035388,0.5537891691120642,0.006928590881267489,1.8057413466633565,0.02259206883457059
07_bwaves_base,1.9106299999999998,0.04568509275463932,478339333.3333333,110907044.00232355,0.7307439784495232,0.021863191155357602,1.3684683411579777,0.04094332052694249
