app,IPC:mean,IPC:std,hitsL3:mean,hitsL3:std,progress:mean,progress:std,slowdown:mean,slowdown:std
00_soplex_base,0.5767056666666667,0.018230557022025782,982850666.6666666,44301548.35142147,0.33194367699651584,0.011811542163629144,3.0125592662230356,0.10719580838347631
01_mcf_base,0.34744,0.004901833228497272,1627186666.6666667,20330568.937767897,0.32777461564344545,0.010082212007694966,3.0508768900145826,0.09384371499946934
02_libquantum_base,1.3048166666666667,0.0014505975780116235,195377000.0,17827946.067901373,0.39641926898725205,0.004742087821958546,2.5225817164608055,0.0301758894518035
03_lbm_base,0.9142943333333332,0.005601941300418438,135732000.0,24119098.57353711,0.3856295885973618,0.004945384452016839,2.5931620123789467,0.033255184448435435
04_dc.B,0.7204389999999999,0.002132539565869761,479575666.6666667,3747022.0620291634,0.40600998251088133,0.007355663990473243,2.4629936284219305,0.04462194113875681
05_lu.B,1.3280433333333332,0.03991997536739388,425689333.3333333,34832673.22979008,0.4366461757991493,0.01495129047322519,2.2901838042433353,0.07841864922245063
06_lu.C,1.3374833333333331,0.009312466554749821,383285666.6666667,6011660.197760136,0.4597473964509923,0.004034719133640131,2.175107477974804,0.019088629597153493
07_sp.C,1.2515066666666663,0.0075536238543716175,140118000.0,1755161.5310278425,0.3852291149371036,0.005229287168758322,2.595857792740484,0.03523743486967599
