app,IPC-hg,OccupL3-hg,HitsL3-hg,IPC-np,OccupL3-np,HitsL3-np
07_bzip2_base,1.10368,1430,304844000.0,0.9284979999999999,569,259406000.0
04_lu.B,1.60281,4544,218920000.0,1.64483,3841,224706000.0
05_lu.C,1.5507799999999998,4162,251060000.0,1.59165,3667,235291000.0
06_sp.C,1.5721399999999999,2676,120633000.0,1.7813,4291,158740000.0
02_lbm_base,1.1438,2454,91711700.0,1.27219,4658,54825300.0
03_dc.B,0.681707,1132,439581000.0,0.666636,923,434293000.0
01_mcf_base,0.40221599999999996,3870,1675030000.0,0.24073899999999998,1395,772560000.0
00_xalancbmk_base,0.383181,434,173142000.0,0.398475,746,152809000.0
