app,IPC-hg,OccupL3-hg,HitsL3-hg,IPC-np,OccupL3-np,HitsL3-np
07_bt.B,2.83948,1217,29002900.0,2.86605,1537,35310500.0
05_gamess_base,2.60582,383,45627900.0,2.6202900000000002,377,49203800.0
04_dealII_base,2.27849,837,44377900.0,2.29783,648,31512300.0
03_sp.C,2.33523,3053,74887700.0,2.5196099999999997,6349,153072000.0
06_zeusmp_base,1.46038,1093,30956900.0,1.49918,1493,34024400.0
01_sphinx3_base,1.6178299999999999,6479,363213000.0,1.50473,4131,309889000.0
02_soplex_base,0.9683299999999999,4552,957153000.0,0.951068,3184,889085000.0
00_xalancbmk_base,0.9437450000000001,3146,583337000.0,0.893761,2545,424007000.0
