app,IPC-hg,OccupL3-hg,HitsL3-hg,IPC-np,OccupL3-np,HitsL3-np
00_xalancbmk_base,0.742731,1670,410258000.0,0.7605770000000001,1897,288463000.0
01_soplex_base,0.982117,5593,1809580000.0,0.882608,2623,1248730000.0
02_omnetpp_base,0.790225,2611,1939570000.0,0.792239,1588,1805230000.0
03_mcf_base,0.608404,4864,2360700000.0,0.537223,3173,1152490000.0
04_sp.C,2.11616,1844,173900000.0,2.4965,5382,217801000.0
05_bwaves_base,2.02141,2658,438238000.0,2.0880900000000002,4483,337866000.0
06_dealII_base,2.07605,255,45365500.0,2.24985,609,79145000.0
07_gamess_base,2.64623,442,141093000.0,2.5853599999999997,273,119976000.0
