app,IPC-hg,OccupL3-hg,HitsL3-hg,IPC-np,OccupL3-np,HitsL3-np
03_leslie3d_base,2.40596,2922,55010100.0,2.51994,11382,117797000.0
07_bt.C,2.93229,6698,131922000.0,2.90626,2580,171397000.0
05_tonto_base,2.47936,1124,22974700.0,2.44653,277,17047100.0
00_astar_base,0.725504,1802,85806900.0,0.707176,356,72095700.0
02_h264ref_base,2.09375,2402,50810000.0,2.0819900000000002,1143,40163400.0
01_gobmk_base,1.31777,3329,74536500.0,1.32494,1178,70044100.0
04_namd_base,2.24696,392,7989920.0,2.3113900000000003,270,8888620.0
06_zeusmp_base,1.5388700000000002,833,18522800.0,1.58251,2700,43064900.0
