app,IPC:mean,IPC:std,hitsL3:mean,hitsL3:std,progress:mean,progress:std,slowdown:mean,slowdown:std
00_xalancbmk_base,0.38746433333333336,0.005657401553127836,141172333.33333334,7694760.966614452,0.16740350189957462,0.002733351795747646,5.973590687486933,0.09753633972662619
01_libquantum_base,1.5181666666666669,0.026093950128973104,461158666.6666667,134375069.97331512,0.46831508366331503,0.00937898139779817,2.1353145240970464,0.04276410454964649
02_lbm_base,1.2136733333333334,0.01438671725354103,261021333.3333333,19462740.617223807,0.5067205161534544,0.009842572163789262,1.9734744659463554,0.038332895995452705
03_lu.B,1.5510033333333333,0.022840123321325127,943984666.6666666,93944997.9207692,0.5158730686676245,0.009277781309500554,1.938461340078788,0.03486249134234184
04_lu.C,1.50643,0.01266303281208726,886785000.0,37723982.78283989,0.5266482776944564,0.0063798600338236065,1.8988004752958982,0.023002223262892262
05_sp.C,1.7866733333333331,0.004335554558915467,377470666.6666667,56063088.00211895,0.5505016633099199,0.011679384916512978,1.8165249383397826,0.03853920047716778
06_calculix_base,2.0772566666666665,0.008752338735065566,104980000.0,2430709.361482775,0.7567143880611512,0.012206796572033914,1.3215025586631088,0.021317571275939962
07_gamess_base,2.43744,0.024395411453796204,209903666.66666663,5813785.714431972,0.7264115330665702,0.010402576942132367,1.3766301255962539,0.019714032818171138
