app,IPC:mean,IPC:std,hitsL3:mean,hitsL3:std,progress:mean,progress:std,slowdown:mean,slowdown:std
00_bwaves_base,2.15908,0.001808839406912713,104233333.33333331,1957120.674187804,0.8086048244842011,0.010726597902477918,1.2366980380532449,0.016405495217571113
01_gobmk_base,1.3137766666666668,0.0008027660514330332,67217566.66666667,1082966.224465628,0.7780409853702641,0.005105194803074274,1.2852793346408444,0.008433490655488516
02_gromacs_base,1.86591,0.002662630278502665,129234000.0,7158434.465719443,0.7872750082275471,0.010310962658402001,1.2702041720483126,0.016635899335891446
03_namd_base,2.300766666666666,0.0011944175707572194,6452150.0,291737.8158552641,0.8006324048318882,0.007365423220626076,1.2490126479579273,0.011490300298370554
04_tonto_base,2.43106,0.00589714337624595,17583500.0,576742.9930220221,0.7979391729996215,0.0019794382112369915,1.2532283585486714,0.0031088686760315626
05_bt.B,2.904716666666667,0.012753557673580015,54358333.33333334,7107447.764375998,0.8083837056992204,0.01616026714827141,1.2370363144999799,0.02472939171521459
06_cg.B,1.0967433333333334,0.009969098922838194,6113383333.333333,16957890.002395235,0.8245715159276534,0.062356599270694694,1.2127510842707043,0.09171191572375857
07_cg.C,1.57365,0.0009269843580126631,5378476666.666667,10457056.628580073,0.8348895939220952,0.03822020869270523,1.1977631620754297,0.05483210996067239
