app,IPC:mean,IPC:std,hitsL3:mean,hitsL3:std,progress:mean,progress:std,slowdown:mean,slowdown:std
00_xalancbmk_base,0.7946316666666666,0.0005616710187764124,387138666.6666667,2817379.160378185,0.34331966138895054,0.002520745334448071,2.912737347911716,0.021386101368377413
01_mcf_base,0.5098086666666667,0.005232711566036624,1132546666.6666667,3994012.18492553,0.4735226277055875,0.00800465251018292,2.1118314975683687,0.03569940760804434
02_lu.C,2.0547,0.011485760749728208,137001666.66666666,2162936.5070046126,0.7183235969668684,0.007442136169225574,1.3921302379909475,0.014423057853274024
03_astar_base,0.683979,0.0017696655051167055,53378066.66666666,2216338.1608710643,0.7630693585148995,0.011833635889274417,1.3104968622330997,0.020323110250272634
04_h264ref_base,1.9892166666666664,0.018492242517697342,32470433.33333333,1925238.588677604,0.7706975686991647,0.01711819623781126,1.2975258267492233,0.02881973763510274
05_leslie3d_base,2.3395533333333334,0.005799433880417122,121872666.66666669,9248818.374978146,0.7487017891202036,0.01463345325572443,1.335645265620503,0.026105323701249118
06_povray_base,2.1313566666666666,0.0013838472940804075,3895813.333333334,3939734.7036867007,0.7760443532286078,0.004798045086869497,1.2885861430982144,0.007966934347474336
07_cg.C,1.34873,0.0020092784774639943,5425040000.0,17916916.587404206,0.71555977632291,0.032772067952326754,1.3975072846307266,0.06400472079515276
