app,IPC:mean,IPC:std,hitsL3:mean,hitsL3:std,progress:mean,progress:std,slowdown:mean,slowdown:std
00_libquantum_base,2.45533,0.0017349351572897738,102757033.33333331,3028538.8066414706,0.7574056917582921,0.00780394158468889,1.320296389215842,0.013603694833606053
01_dc.B,1.1810833333333337,0.01122372635684485,465391333.3333333,3753952.361622788,0.6605205123473016,0.00788751251525292,1.5139575248712338,0.01807871020166657
02_lu.C,2.1449066666666665,0.03440854593459783,129975666.66666669,13272903.688844178,0.7498598685736194,0.013692601169699531,1.333582502424348,0.024351500990873083
03_astar_base,0.6919903333333334,0.0017219643821326641,65210400.0,5321143.652449161,0.7720070641864416,0.011959741540015263,1.295324934693211,0.02006685190839997
04_gamess_base,2.5805066666666665,0.009617184272609623,55769300.0,4144688.194544917,0.7690485935333129,0.008382056051398492,1.3003079498599759,0.014172386779527027
05_hmmer_base,1.5967166666666668,0.0022130145352738245,2656546.666666666,302845.093295786,0.8002268630585752,0.007485155321778431,1.2496456269636649,0.01168892478721942
06_povray_base,2.159053333333334,0.016365000254608256,4404766.666666667,2903200.5099257836,0.7861289355540697,0.0076725605862167905,1.27205596279851,0.01241517262909427
07_bt.B,2.85417,0.010345757584633578,39126766.66666666,3005203.5826767767,0.7943165499660473,0.01575662494674449,1.2589439311603725,0.02497330233534982
