app,IPC:mean,IPC:std,hitsL3:mean,hitsL3:std,progress:mean,progress:std,slowdown:mean,slowdown:std
00_xalancbmk_base,0.365463,0.003243678621565324,135593333.33333334,12689029.01459892,0.15789785214137791,0.0018153747240271247,6.333208377683468,0.07281382396860682
01_sphinx3_base,0.8563223333333333,0.04043026081208643,253113333.3333333,26211051.49232539,0.35084776780653826,0.01745313971652114,2.8502390260365353,0.14178690734702673
02_mcf_base,0.217814,0.0021777536591635013,692783000.0,21829429.241278846,0.20231091461319117,0.003387573841051965,4.942887050419165,0.08276565257632765
03_lbm_base,1.1757,0.0007019259220174286,101866966.66666669,6377246.522076229,0.49086627717640907,0.007558968889521062,2.037214708967707,0.031371563544642066
04_dc.B,0.6151750000000001,0.013910137706004194,425100666.6666667,3208275.757059121,0.3440364407111419,0.008167360445105189,2.9066688340716054,0.06900377184854306
05_lu.B,1.5379066666666663,0.02113304127032677,258045666.66666663,24117264.81865913,0.5115170382984761,0.008791809219870375,1.9549690921859157,0.03360145215575893
06_lu.C,1.5212433333333333,0.012034551646543906,248335666.66666663,4443469.065193699,0.5318270224664763,0.006262795621591234,1.880310623108729,0.022142540036839013
07_sp.C,1.7226733333333335,0.013773032829893872,101397333.33333331,309761.73639320524,0.5307822743234042,0.011964969420038362,1.884011671781456,0.042469658710052566
