app,IPC:mean,IPC:std,hitsL3:mean,hitsL3:std,progress:mean,progress:std,slowdown:mean,slowdown:std
00_lu.C,2.0439933333333333,0.006275112216791786,152186666.66666666,848731.0135333459,0.7145805438148144,0.006608049933645853,1.3994223725452464,0.012941092499765347
01_bzip2_base,1.24251,0.013189886276992687,388298333.3333333,10260345.47826404,0.6932424515757074,0.020477158206176776,1.4424967740031605,0.042608808196935036
02_dealII_base,2.2163633333333337,0.014406506631843303,54509666.66666666,8361296.448717347,0.7439349812536296,0.010077530811932757,1.3442034925079969,0.01820891940103384
03_gromacs_base,1.8061466666666668,0.026048762606567823,315427666.6666667,7782851.426908597,0.7620593339765352,0.014806288431446865,1.3122337794642,0.025495799292752752
04_leslie3d_base,2.2564599999999997,0.04262869104253602,238549333.3333333,86372381.4441476,0.7221103340572876,0.01954730200862364,1.3848299253402823,0.0374869150938625
05_milc_base,0.9441563333333334,0.010796779952065936,26217800.0,1250896.8462667095,0.6315750863477949,0.014267302357076609,1.583343012756715,0.03576777169694247
06_ep.B,1.3622266666666667,0.0008828552165181891,3645813.333333334,127798.7422994973,0.7870700098415531,0.0038377818952994385,1.2705350064110719,0.006195174741736347
07_ft.B,3.1030133333333336,0.004283472111889382,299700666.6666667,12011492.219259575,0.8132985847494723,0.017752989157157062,1.2295607280664813,0.02683931668238963
