app,IPC:mean,IPC:std,hitsL3:mean,hitsL3:std,progress:mean,progress:std,slowdown:mean,slowdown:std
00_sp.C,2.6941566666666668,0.0010000166665279466,64476000.0,1364268.034515212,0.8301113015721078,0.01749868929930491,1.2046577345786622,0.025394102416717208
01_astar_base,0.7111453333333334,0.0005889790601824496,69303733.33333333,2307164.2168110455,0.7933770091150913,0.012148984248073563,1.260434810324753,0.01930104159867031
02_gamess_base,2.654243333333333,0.01732815435449866,56119600.0,3035772.591944265,0.79102376628692,0.00960777137422043,1.2641845196308301,0.01535477991572266
03_gobmk_base,1.31995,0.0017438749955200987,72555133.33333333,305680.2632381296,0.7816969388298977,0.005210274273447079,1.2792681540967459,0.008526754578452853
04_h264ref_base,2.063823333333333,0.01089307272230068,41619533.333333336,5127400.074436686,0.7996030054835351,0.016672828177143592,1.250620611906381,0.026077168837678445
05_povray_base,2.209073333333333,0.010817783198665816,6037966.666666668,3870536.560133922,0.8043416256943846,0.006322377824070439,1.2432528269772243,0.009772357729475843
06_bt.C,2.8985266666666667,0.028292559681536995,162136000.0,25120754.14871138,0.8098305662475448,0.015654510199755035,1.234826199057452,0.023869930493782755
07_ft.B,3.247913333333333,0.0031110984126722896,219940000.0,3020070.860095836,0.85127681825052,0.01856271626194941,1.1747060163756422,0.02561532747714127
