app,IPC:mean,IPC:std,hitsL3:mean,hitsL3:std,progress:mean,progress:std,slowdown:mean,slowdown:std
00_sphinx3_base,1.3960333333333337,0.012084462475978582,247114333.3333333,764453.6175160239,0.5719752477749085,0.01023838599768664,1.7483274038346739,0.03129514936254205
01_omnetpp_base,0.6976336666666666,0.0031972817100364625,1003444666.6666666,12884018.213792378,0.44675717502908435,0.006155454748238768,2.2383524113180697,0.030840191828105594
02_mcf_base,0.4414286666666667,0.007874235603113075,984773333.3333334,20209293.83559289,0.4100096288108883,0.009155313805620204,2.438967111333956,0.05446093871163352
03_lbm_base,1.79927,0.03157676994247522,17864400.0,3009901.312335672,0.7512128659821362,0.0175336134926663,1.331180608431938,0.031070296229102384
04_dc.B,1.0420133333333337,0.018094978124698912,449610333.3333333,4047768.8092742283,0.5827456550957902,0.010961938367872785,1.7160145103709483,0.0322796834889651
05_dealII_base,2.2329966666666667,0.011083150875691145,33585400.0,2141981.5498738545,0.7495180543605593,0.00965351815292948,1.3341906765049654,0.017183887486336834
06_leslie3d_base,2.3278833333333337,0.009647032358882741,95897600.0,11156566.348119836,0.7449671660387183,0.014769150495794983,1.342341039427806,0.026612229010588035
07_namd_base,2.2744633333333333,0.004554561815732993,6896823.333333332,476888.4907746604,0.7914792380519333,0.007440382059951035,1.2634570206305076,0.011877257795107935
