app,IPC:mean,IPC:std,hitsL3:mean,hitsL3:std,progress:mean,progress:std,slowdown:mean,slowdown:std
00_xalancbmk_base,0.6089036666666666,0.013972068076463636,212223666.66666663,1792036.364958404,0.2630761010763776,0.0063353871801347115,3.801181467676058,0.09153988614377764
01_sphinx3_base,1.23264,0.010197985095105895,457845666.6666667,18108971.597894054,0.5050306125096795,0.008948136811376461,1.980077989788854,0.0350830391484167
02_lbm_base,1.64685,0.006404240782481564,98846533.33333331,6599799.604028393,0.6875760215769068,0.010912826960476981,1.4543846332898158,0.023083189842293354
03_dc.B,0.943358,0.035120393918633606,882555666.6666666,5048938.535309518,0.5275726884811336,0.02000814548359367,1.895473404582354,0.07188565380128197
04_sp.C,2.2588266666666663,0.01824490705192366,323426666.6666667,124094519.67082724,0.6959794014549211,0.015709201224028527,1.436824132883149,0.032431073936695594
05_bzip2_base,1.1619833333333334,0.005794828153908759,673285666.6666666,3361619.3022609577,0.6483136350533295,0.018160749870681475,1.542463317029791,0.04320793049952658
06_leslie3d_base,2.1752933333333337,0.005995000695023785,343440000.0,24105780.28191579,0.6961354491574966,0.013631845372390514,1.4365020502981969,0.028129832851475155
07_povray_base,2.087763333333333,0.0134009638956803,8393473.333333334,2693953.1207749946,0.7601716648602856,0.006756780830802157,1.3154923370944025,0.01169274496436306
