app,IPC:mean,IPC:std,hitsL3:mean,hitsL3:std,progress:mean,progress:std,slowdown:mean,slowdown:std
00_sphinx3_base,1.74899,0.0036467382686450507,452189333.3333333,6989553.800732442,0.716586749556484,0.011326333022155025,1.3955044530462342,0.02205727105459974
01_omnetpp_base,0.9298313333333332,0.005710781499351279,1156203333.3333333,9232444.602234753,0.5954540894197006,0.008557819402363418,1.679390599155259,0.024136069780969594
02_calculix_base,2.18602,0.006400210934023878,43282833.333333336,633002.3091058455,0.7963352883319368,0.012617288107714808,1.255752463380939,0.01989638140441863
03_gobmk_base,1.3273733333333333,0.001971606789735918,87093233.33333333,1437436.8171621794,0.7860931636433985,0.005266677246232678,1.2721138489046033,0.008522924982060571
04_gromacs_base,1.86071,0.0009124143795446873,315067666.6666667,6615987.479834986,0.7850809956316647,0.01022826150742445,1.2737539254728931,0.016594833295337657
05_h264ref_base,2.0516633333333334,0.003258609110238984,46996700.0,1142188.1281120023,0.7948917628157941,0.016084422278323712,1.2580329131322714,0.025455959617911306
06_leslie3d_base,2.525593333333333,0.002098793304099516,151339000.0,5602009.371645142,0.8082381454252201,0.01568391996844225,1.23725909951193,0.024009102771019156
07_ep.B,1.3837566666666667,0.0011013779248437734,3920500.0,183699.77789861368,0.799509655699723,0.003915900783386689,1.2507666328617506,0.006126102421077936
