app,IPC:mean,IPC:std,hitsL3:mean,hitsL3:std,progress:mean,progress:std,slowdown:mean,slowdown:std
00_sphinx3_base,1.7413299999999998,0.004694241152731781,369835000.0,8156920.80383278,0.7134483356709828,0.011342432369421793,1.401643188444082,0.022283383780040585
01_omnetpp_base,0.9298313333333332,0.005710781499351279,1156203333.3333333,9232444.602234753,0.5954540894197006,0.008557819402363418,1.679390599155259,0.024136069780969594
02_calculix_base,2.1817333333333337,0.006641960052073188,29765100.0,2324236.3412527563,0.794773718018773,0.012609993129900967,1.2582197641019373,0.019963094175764223
03_gobmk_base,1.315143333333333,0.0022926912860943625,65719833.33333334,1464153.2103346745,0.778850348717159,0.0052663385585856905,1.2839437019539064,0.00868161930695704
04_gromacs_base,1.8656366666666664,0.010747587326155135,156120666.66666666,8408661.744494975,0.7871596819244301,0.011206534231499468,1.2703902689162416,0.018086129616252937
05_h264ref_base,2.077976666666667,0.004676177213636406,33913366.666666664,877548.3025642138,0.8050865406719203,0.016341191606553156,1.242102493932399,0.025211494445537178
06_leslie3d_base,2.5274266666666665,0.007296857771214162,89101100.0,7547235.587286248,0.8088248471375357,0.015853822067475085,1.2363616220978386,0.024233994834806264
07_ep.B,1.38434,0.001408651837751143,2370826.666666666,257818.64679137015,0.7998466951834169,0.003950233188909368,1.2502395846877694,0.006174605622880475
