app,IPC:mean,IPC:std,hitsL3:mean,hitsL3:std,progress:mean,progress:std,slowdown:mean,slowdown:std
00_libquantum_base,2.0606166666666668,0.011568674657597342,96094300.0,849808.048914577,0.635646854746748,0.007445000961100113,1.5732005791146662,0.018426080041217832
01_lbm_base,1.6571433333333332,0.004683986905760325,41111733.333333336,4062317.4190766206,0.6918735891647856,0.010824440814071528,1.4453507340946166,0.02261267624866046
02_lu.C,1.8982733333333333,0.014084123449236475,201571666.66666663,8336685.212561005,0.6636367979881672,0.007599681760833755,1.5068483288321668,0.017255775743123914
03_gamess_base,2.52198,0.047679751467472935,65688966.66666666,7939075.140930039,0.7516063403255994,0.01616091831426747,1.3304837204630222,0.02860784638345504
04_gobmk_base,1.19431,0.011358256908522478,61236700.0,4577991.363032482,0.7072907845099701,0.008160775510013589,1.413845651464025,0.016313059946625363
05_leslie3d_base,2.146036666666667,0.025683150767250817,182521666.66666663,56177827.42624828,0.6867727565593252,0.0156471556650332,1.4560857145963642,0.03317487425107596
06_namd_base,2.255993333333333,0.008337201768779029,7220556.666666668,378358.2353185049,0.7850519541680488,0.007772360242408526,1.273801045511364,0.01261119159096016
07_povray_base,2.097103333333333,0.02114654187647086,4922460.0,783332.5949429143,0.7635724350704124,0.00901807715136962,1.3096334467702275,0.015467262725243534
