app,IPC:mean,IPC:std,hitsL3:mean,hitsL3:std,progress:mean,progress:std,slowdown:mean,slowdown:std
00_bwaves_base,2.0889333333333333,0.002847706679651757,121570000.0,524819.969132273,0.782333943790502,0.010412147097772374,1.2782265270951683,0.017012022461796186
01_dealII_base,2.301363333333333,0.010991220738995677,46911100.0,4282956.684347859,0.7724657155675995,0.00989419418035599,1.2945558357437401,0.01658143081049233
02_h264ref_base,2.021533333333333,0.013155053528334008,37600100.0,1107864.4727582885,0.7832182643306754,0.016601065523001553,1.2767832998054283,0.027062651860982518
03_hmmer_base,1.5972,0.0015894653189043554,3540433.333333333,515121.3934921877,0.8004690953376132,0.007447495810297455,1.249267468069121,0.011623077378723264
04_wrf_base,2.4994166666666664,0.012665422745938423,103353133.33333331,14230027.612528842,0.7922910056096728,0.0099394577026194,1.2621625045844032,0.015834094719395717
05_ep.C,1.3770200000000001,0.0030504261997300872,3181393.333333333,51623.49206837259,0.8108432765365267,0.006426341166396543,1.2332839513345242,0.00977439618192384
06_ft.C,2.8596733333333333,0.004283297016707104,397885333.3333333,6125867.231121924,0.8235160858359211,0.004937127261781859,1.214305363549683,0.007279979368494767
07_sp.B,2.4924166666666667,0.0018388130229398509,79072600.0,504577.119972755,0.8167948020510399,0.013366107758824249,1.2242977030325322,0.020034523954513696
