app,IPC:mean,IPC:std,hitsL3:mean,hitsL3:std,progress:mean,progress:std,slowdown:mean,slowdown:std
00_xalancbmk_base,0.9026263333333334,0.008017587001918597,433390666.6666667,8727439.849883439,0.3899786279858174,0.004485742273581704,2.5642430847168574,0.029495292252970026
01_sphinx3_base,1.4805799999999998,0.030832870446975805,318271000.0,14817832.736267475,0.6066152520359401,0.015808762652072865,1.648491356990729,0.04296068802951222
02_soplex_base,0.9470503333333332,0.004991181857369435,887315000.0,12238375.668363838,0.5491016934084242,0.004846412098049497,1.821156284900028,0.01607365986579375
03_sp.C,2.549863333333333,0.029270302925206236,110426800.0,43815273.11246616,0.7856522958195922,0.018855605534681047,1.272827694033275,0.030547784357038518
04_dealII_base,2.2958233333333333,0.0021823000099283683,33548466.66666667,3199288.0963322665,0.7706061830017242,0.009187799096180695,1.2976796995123026,0.015472001955484559
05_gamess_base,2.6147266666666664,0.004832559708201671,48698766.66666666,2195162.93776415,0.7792469174557635,0.008110165068957084,1.2832902865564024,0.013356095253277005
06_zeusmp_base,1.4983533333333332,0.004912446776641325,35183200.0,1018591.3999244252,0.7565810734387204,0.005391750846233091,1.3217354162124642,0.009419305212684536
07_bt.B,2.8654566666666668,0.0030042691845662338,39423800.0,6723387.709332253,0.7974576334079179,0.015575046069779956,1.2539851123206656,0.0244914276031791
