app,IPC:mean,IPC:std,hitsL3:mean,hitsL3:std,progress:mean,progress:std,slowdown:mean,slowdown:std
00_xalancbmk_base,0.8632706666666666,0.009112829216732576,435748666.6666667,23411557.60160637,0.37297505926269436,0.004788656446248694,2.6811444228384143,0.03442342645947827
01_soplex_base,0.944499,0.007986982158487591,1279293333.3333333,10970379.817186505,0.5476224251958766,0.006039593655545573,1.8260756937452198,0.020139341756402297
02_mcf_base,0.6128653333333333,0.002678862507358911,1338986666.6666667,48825628.85753071,0.5692441538256721,0.008040586733527035,1.7567154502674869,0.02481364604111233
03_dc.B,1.20068,0.004194746714642073,873158333.3333334,1952089.7349592585,0.6714799425091296,0.0053926289992222345,1.489247759602892,0.011960090163604711
04_lu.C,2.1224266666666667,0.0166258844376272,238824000.0,10827257.593684563,0.7420008553552346,0.008699243475343399,1.3477073412823057,0.015800567089251656
05_astar_base,0.6904073333333334,0.002079468762288425,114716333.33333331,2894946.6892040214,0.77024101757605,0.012003754080925534,1.298294919617501,0.020233164144708424
06_bzip2_base,1.2833433333333335,0.004136717700464161,604047000.0,10847432.553374093,0.7160248839955737,0.01987157213304603,1.3965995070168284,0.038759306366275656
07_dealII_base,2.2827066666666664,0.006114379227144246,54997300.0,314822.9502434662,0.7662034990987645,0.009334635844417372,1.3051363001816556,0.015900439118140278
